game_index,bet_type,model_prob,market_prob,kelly_fraction,fractional_kelly_used,bet_size,profit,expected_value,bankroll_before,bankroll_after
0,kelly,0.5361682616027775,0.5121951219512195,0.04914493628569391,9.828987257138783e-05,0.09828987257138783,0.09360940244894078,0.004600428119095071,1000.0,1000.0936094024489
1,kelly,0.745836923406224,0.5073891625615764,0.48404895451463464,0.0009680979090292693,0.9681885320960456,0.9399888661126654,0.45500062789723256,1000.0936094024489,1001.0335982685616
2,kelly,0.8209824262391552,0.6923076923076923,0.4181928852772544,0.0008363857705545088,0.8372502574388035,-0.8372502574388035,0.15561426704775874,1001.0335982685616,1000.1963480111228
3,kelly,0.7535172977259679,0.4545454545454545,0.5481150458309412,0.0010962300916618824,1.0964453342601133,-1.0964453342601133,0.7211738215669243,1000.1963480111228,999.0999026768627
4,kelly,0.6630139915864023,0.5238095238095238,0.29232938233144473,0.0005846587646628895,0.5841325148738676,0.5310295589762433,0.1552355429752647,999.0999026768627,999.6309322358389
5,kelly,0.6790816914822753,0.6551724137931034,0.06933690529859832,0.00013867381059719664,0.13862263056397184,-0.13862263056397184,0.005058770635608792,999.6309322358389,999.492309605275
6,none,0.6854616385221635,0.6923076923076923,0.0,0.0,0.0,0.0,0.0,999.492309605275,999.492309605275
7,none,0.32705724406499515,0.5867768595041323,0.0,0.0,0.0,0.0,0.0,999.492309605275,999.492309605275
8,kelly,0.5226305432682952,0.4444444444444444,0.14073497788293135,0.00028146995576586273,0.2813270561729167,-0.2813270561729167,0.04949069628545699,999.492309605275,999.210982549102
9,kelly,0.6486932926809117,0.5918367346938775,0.13929856706823365,0.0002785971341364673,0.2783773161358635,0.19198435595576793,0.026743145684156186,999.210982549102,999.4029669050578
10,none,0.4724514245881488,0.5454545454545454,0.0,0.0,0.0,0.0,0.0,999.4029669050578,999.4029669050578
11,kelly,0.6580709051621167,0.6,0.14517726290529193,0.00029035452581058387,0.2901811745494087,0.1934541163662725,0.028085139111817287,999.4029669050578,999.5964210214241
12,kelly,0.6084108588110713,0.3773584905660377,0.3710841065753569,0.0007421682131507138,0.741868689661319,-0.741868689661319,0.4542378718336823,999.5964210214241,998.8545523317628
13,kelly,0.43416223930148923,0.3937007874015748,0.06673512196479388,0.00013347024392958777,0.13331736074989958,-0.13331736074989958,0.013701303507690221,998.8545523317628,998.7212349710129
14,kelly,0.7352780804578511,0.5833333333333334,0.3646673930988427,0.0007293347861976854,0.7284021383786721,-0.7284021383786721,0.18973179209298052,998.7212349710129,997.9928328326342
15,none,0.5369985505053125,0.6296296296296297,0.0,0.0,0.0,0.0,0.0,997.9928328326342,997.9928328326342
16,kelly,0.5477952016817147,0.5238095238095238,0.0503699235316008,0.0001007398470632016,0.10053764534973089,0.09139785940884625,0.004603703189375585,997.9928328326342,998.0842306920431
17,none,0.35032955699156554,0.5348837209302325,0.0,0.0,0.0,0.0,0.0,998.0842306920431,998.0842306920431
18,none,0.4057856114559927,0.4807692307692308,0.0,0.0,0.0,0.0,0.0,998.0842306920431,998.0842306920431
19,none,0.491148789661482,0.6666666666666666,0.0,0.0,0.0,0.0,0.0,998.0842306920431,998.0842306920431
20,none,0.5276601746051602,0.574468085106383,0.0,0.0,0.0,0.0,0.0,998.0842306920431,998.0842306920431
21,none,0.4299115531899683,0.5,0.0,0.0,0.0,0.0,0.0,998.0842306920431,998.0842306920431
22,kelly,0.6888197270004833,0.5121951219512195,0.3620804403509908,0.0007241608807019816,0.7227735555127096,-0.7227735555127096,0.2492401592896126,998.0842306920431,997.3614571365304
23,kelly,0.5555225292973585,0.4,0.2592042154955974,0.0005184084309911948,0.5170405881252405,-0.5170405881252405,0.20102865003657786,997.3614571365304,996.8444165484051
24,none,0.6119307134150451,0.6363636363636364,0.0,0.0,0.0,0.0,0.0,996.8444165484051,996.8444165484051
25,none,0.22111603903808794,0.3773584905660377,0.0,0.0,0.0,0.0,0.0,996.8444165484051,996.8444165484051
26,none,0.35800525550459805,0.5918367346938775,0.0,0.0,0.0,0.0,0.0,996.8444165484051,996.8444165484051
27,none,0.49951315693428877,0.6226415094339622,0.0,0.0,0.0,0.0,0.0,996.8444165484051,996.8444165484051
28,none,0.494679311976763,0.5412844036697247,0.0,0.0,0.0,0.0,0.0,996.8444165484051,996.8444165484051
29,none,0.4767469823237501,0.5348837209302325,0.0,0.0,0.0,0.0,0.0,996.8444165484051,996.8444165484051
30,none,0.36286257512977405,0.5370370370370371,0.0,0.0,0.0,0.0,0.0,996.8444165484051,996.8444165484051
31,kelly,0.7974208607406238,0.75,0.18968344296249517,0.00037936688592499034,0.3781697620576823,0.12605658735256076,0.023910847497136234,996.8444165484051,996.9704731357576
32,kelly,0.6041360875852309,0.5327102803738317,0.15285122743239413,0.0003057024548647883,0.30477632106531055,-0.30477632106531055,0.04086441646242299,996.9704731357576,996.6656968146923
33,kelly,0.656113578926756,0.6,0.14028394731689015,0.0002805678946337803,0.2796323962090078,0.1864215974726719,0.026151957558586805,996.6656968146923,996.8521184121649
34,kelly,0.5737150927444379,0.5192307692307693,0.11332739290843072,0.00022665478581686144,0.22594130338979385,0.20920491054610538,0.023708647095831578,996.8521184121649,997.061323322711
35,none,0.5147596965491004,0.6226415094339622,0.0,0.0,0.0,0.0,0.0,997.061323322711,997.061323322711
36,none,0.36627005770410825,0.6428571428571429,0.0,0.0,0.0,0.0,0.0,997.061323322711,997.061323322711
37,kelly,0.40526310631786866,0.4,0.008771843863114397,1.7543687726228794e-05,0.017492132500274083,-0.017492132500274083,0.00023015738268797152,997.061323322711,997.0438311902108
38,kelly,0.7421338022446493,0.5652173913043478,0.40690774516269346,0.0008138154903253869,0.8114097143559637,0.6241613187353567,0.25397607482437723,997.0438311902108,997.6679925089461
39,none,0.5401375705460992,0.696969696969697,0.0,0.0,0.0,0.0,0.0,997.6679925089461,997.6679925089461
40,none,0.44936428023377817,0.6226415094339622,0.0,0.0,0.0,0.0,0.0,997.6679925089461,997.6679925089461
41,kelly,0.8263698421176862,0.574468085106383,0.5919691289765624,0.0011839382579531248,1.1811773050666328,0.8749461519012092,0.5179411114423539,997.6679925089461,998.5429386608473
42,kelly,0.7047972581179481,0.6363636363636364,0.1881924598243574,0.00037638491964871477,0.3758365037336545,0.21476371641923114,0.04041691207395581,998.5429386608473,998.7577023772666
43,kelly,0.6184202856203427,0.5652173913043478,0.12236665692678825,0.0002447333138535765,0.24442928223957253,0.18802252479967121,0.02300768778666991,998.7577023772666,998.9457249020662
44,kelly,0.8118179457080329,0.4878048780487805,0.6325969416204452,0.0012651938832408905,1.2638600208357316,-1.2638600208357316,0.8394896830078881,998.9457249020662,997.6818648812305
45,kelly,0.5818765441564202,0.5238095238095238,0.12194074272848238,0.00024388148545696477,0.2433161352207093,-0.2433161352207093,0.02697286386057922,997.6818648812305,997.4385487460098
46,kelly,0.6030761275068358,0.4444444444444444,0.2855370295123045,0.000571074059024609,0.5696112806599991,-0.5696112806599991,0.20330639132044465,997.4385487460098,996.8689374653499
47,none,0.21497412673947405,0.5238095238095238,0.0,0.0,0.0,0.0,0.0,996.8689374653499,996.8689374653499
48,kelly,0.5403579937355248,0.4878048780487805,0.10260370205507234,0.00020520740411014468,0.20456488689530258,-0.20456488689530258,0.022038570441231975,996.8689374653499,996.6643725784545
49,kelly,0.7845224444293792,0.6575342465753424,0.37080553773378744,0.0007416110754675749,0.7391373372281234,0.3849673631396477,0.14274803009895531,996.6643725784545,997.0493399415941
50,kelly,0.6231270521788541,0.6153846153846154,0.020130335665020607,4.026067133004122e-05,0.04014187577522306,0.02508867235951441,0.000505043395986754,997.0493399415941,997.0744286139536
51,kelly,0.6752186196781139,0.5215311004784688,0.3212069151272582,0.0006424138302545164,0.6405344027347233,0.5876462410410307,0.1887560362709186,997.0744286139536,997.6620748549947
52,none,0.5057156681698728,0.574468085106383,0.0,0.0,0.0,0.0,0.0,997.6620748549947,997.6620748549947
53,none,0.3247691702223398,0.5238095238095238,0.0,0.0,0.0,0.0,0.0,997.6620748549947,997.6620748549947
54,kelly,0.842325232890363,0.4629629629629629,0.7063987095199863,0.0014127974190399726,1.4094944044292004,-1.4094944044292004,1.1549714329027374,997.6620748549947,996.2525804505655
55,none,0.3876478892920121,0.574468085106383,0.0,0.0,0.0,0.0,0.0,996.2525804505655,996.2525804505655
56,kelly,0.5215691363289516,0.392156862745098,0.21290406299279147,0.00042580812598558293,0.42421244428995647,-0.42421244428995647,0.13999065709022412,996.2525804505655,995.8283680062755
57,none,0.2259574548784985,0.4166666666666667,0.0,0.0,0.0,0.0,0.0,995.8283680062755,995.8283680062755
58,kelly,0.5622164920272815,0.4405286343612334,0.21750506842671588,0.0004350101368534318,0.43319543464893956,0.5501582020041534,0.11966219737243242,995.8283680062755,996.3785262082796
59,none,0.20785045468232288,0.4545454545454545,0.0,0.0,0.0,0.0,0.0,996.3785262082796,996.3785262082796
60,kelly,0.7395245583259744,0.4761904761904761,0.5027287022586785,0.001005457404517357,1.0018161668782062,-1.0018161668782062,0.5540059156240891,996.3785262082796,995.3767100414013
61,none,0.40342500603648446,0.5238095238095238,0.0,0.0,0.0,0.0,0.0,995.3767100414013,995.3767100414013
62,kelly,0.4514608738129278,0.4291845493562232,0.03902544058956526,7.805088117913052e-05,0.07769002932391526,0.1033277390008073,0.004032410539630112,995.3767100414013,995.4800377804022
63,none,0.5016163741109784,0.5238095238095238,0.0,0.0,0.0,0.0,0.0,995.4800377804022,995.4800377804022
64,kelly,0.889856204245465,0.696969696969697,0.6365254740100343,0.0012730509480200687,1.2672968058313947,0.5509986112310411,0.35072465219270904,995.4800377804022,996.0310363916333
65,none,0.5029323354204369,0.5348837209302325,0.0,0.0,0.0,0.0,0.0,996.0310363916333,996.0310363916333
66,none,0.5027581368011418,0.6363636363636364,0.0,0.0,0.0,0.0,0.0,996.0310363916333,996.0310363916333
67,kelly,0.8434885605120265,0.6153846153846154,0.5930702573312688,0.0011861405146625377,1.1814327661254327,0.7383954788283954,0.4379203966410019,996.0310363916333,996.7694318704616
68,none,0.4364640628715825,0.574468085106383,0.0,0.0,0.0,0.0,0.0,996.7694318704616,996.7694318704616
69,kelly,0.5671129215821166,0.5121951219512195,0.11258148924333895,0.0002251629784866779,0.2244355741444269,-0.2244355741444269,0.024064086834631807,996.7694318704616,996.5449962963172
70,kelly,0.5126566896772793,0.4878048780487805,0.04852020365564053,9.704040731128106e-05,0.0967051323446137,0.1015403889618444,0.004926760351701656,996.5449962963172,996.6465366852791
71,kelly,0.5426910750744314,0.4651162790697674,0.1450311403565457,0.00029006228071309145,0.28908956749573583,-0.28908956749573583,0.04821603808495026,996.6465366852791,996.3574471177834
72,none,0.583507521311662,0.5918367346938775,0.0,0.0,0.0,0.0,0.0,996.3574471177834,996.3574471177834
73,none,0.6420510475831547,0.7701149425287356,0.0,0.0,0.0,0.0,0.0,996.3574471177834,996.3574471177834
74,kelly,0.571469560850804,0.54337899543379,0.061518338263260766,0.00012303667652652152,0.12258850892582149,-0.12258850892582149,0.006337345680073485,996.3574471177834,996.2348586088576
75,kelly,0.6861895897638683,0.4878048780487805,0.3873225323961239,0.0007746450647922479,0.7717284165953544,-0.7717284165953544,0.3138531948696519,996.2348586088576,995.4631301922623
76,none,0.4769370047444561,0.5652173913043478,0.0,0.0,0.0,0.0,0.0,995.4631301922623,995.4631301922623
77,kelly,0.5641936212956171,0.4761904761904761,0.1680060042916328,0.00033601200858326556,0.3344875658464868,-0.3344875658464868,0.061815511365412995,995.4631301922623,995.1286426264157
78,kelly,0.6167255236444275,0.5918367346938775,0.060977532928847285,0.00012195506585769458,0.12136097914838274,0.08369722699888466,0.005103650415377699,995.1286426264157,995.2123398534146
79,kelly,0.4667372709418663,0.3636363636363636,0.16201571148007565,0.0003240314229601513,0.3224800706302036,0.5643401236028565,0.0914319666422706,995.2123398534146,995.7766799770175
80,kelly,0.8115460045610369,0.7142857142857143,0.340411015963629,0.000680822031927258,0.6779467026077319,0.27117868104309273,0.09231221032155609,995.7766799770175,996.0478586580606
81,kelly,0.6950375371606727,0.5454545454545454,0.3290825817534801,0.0006581651635069602,0.6555640017544401,0.5463033347953669,0.17977891183499514,996.0478586580606,996.5941619928559
82,none,0.45963794880630227,0.6551724137931034,0.0,0.0,0.0,0.0,0.0,996.5941619928559,996.5941619928559
83,kelly,0.7189771850722615,0.6,0.2974429626806538,0.0005948859253613076,0.592859840266797,0.395239893511198,0.11756132489555682,996.5941619928559,996.9894018863671
84,none,0.2643189920171628,0.4444444444444444,0.0,0.0,0.0,0.0,0.0,996.9894018863671,996.9894018863671
85,none,0.40347380497440644,0.4761904761904761,0.0,0.0,0.0,0.0,0.0,996.9894018863671,996.9894018863671
86,kelly,0.7162919002348314,0.4878048780487805,0.4460937099822898,0.0008921874199645796,0.8895014022010272,-0.8895014022010272,0.4166410295694206,996.9894018863671,996.099900484166
87,kelly,0.6327101260549841,0.6078431372549019,0.06341082144020961,0.00012682164288041923,0.12632702585242403,-0.12632702585242403,0.005168064825419871,996.099900484166,995.9735734583136
88,kelly,0.8106247616326673,0.7674418604651163,0.1856864750204692,0.0003713729500409384,0.3698776441380292,0.11208413458728156,0.020812507857232168,995.9735734583136,996.0856575929008
89,kelly,0.5183171578807675,0.4651162790697674,0.09946251255969585,0.0001989250251193917,0.1981463644577336,-0.1981463644577336,0.0226643555530657,996.0856575929008,995.887511228443
90,none,0.3314999154313748,0.4291845493562232,0.0,0.0,0.0,0.0,0.0,995.887511228443,995.887511228443
91,none,0.3700408290844201,0.574468085106383,0.0,0.0,0.0,0.0,0.0,995.887511228443,995.887511228443
92,none,0.5109375422322646,0.5454545454545454,0.0,0.0,0.0,0.0,0.0,995.887511228443,995.887511228443
93,none,0.5451023325424569,0.5652173913043478,0.0,0.0,0.0,0.0,0.0,995.887511228443,995.887511228443
94,kelly,0.8038879875495241,0.7297297297297297,0.2743855539332391,0.0005487711078664782,0.5465142928472224,0.20241270105452688,0.055539121101969485,995.887511228443,996.0899239294976
95,kelly,0.6766196304016474,0.5,0.3532392608032948,0.0007064785216065897,0.7037161368449318,0.7037161368449318,0.248580167994454,996.0899239294976,996.7936400663425
96,none,0.26673322781064324,0.5454545454545454,0.0,0.0,0.0,0.0,0.0,996.7936400663425,996.7936400663425
97,none,0.36793568933547727,0.5,0.0,0.0,0.0,0.0,0.0,996.7936400663425,996.7936400663425
98,none,0.5860757715100511,0.6226415094339622,0.0,0.0,0.0,0.0,0.0,996.7936400663425,996.7936400663425
99,kelly,0.44229788674420967,0.3333333333333333,0.1634468301163145,0.000326893660232629,0.3258455214978925,-0.3258455214978925,0.1065168351928559,996.7936400663425,996.4677945448447
100,kelly,0.7215269216733748,0.6226415094339622,0.2620463424344434,0.0005240926848688868,0.5222414818283859,0.31650998898690064,0.08294028495798328,996.4677945448447,996.7843045338316
101,kelly,0.8271690122169565,0.6774193548387096,0.4642239378725652,0.0009284478757451305,0.9254622701205232,0.4406963191050111,0.20458178066087285,996.7843045338316,997.2250008529365
102,none,0.4618734618856096,0.5238095238095238,0.0,0.0,0.0,0.0,0.0,997.2250008529365,997.2250008529365
103,kelly,0.6874970056730114,0.6428571428571429,0.12499161588443186,0.0002499832317688637,0.24928952851392494,-0.24928952851392494,0.01731061166223534,997.2250008529365,996.9757113244226
104,kelly,0.4719735597963536,0.4651162790697674,0.012820133532313331,2.5640267064626665e-05,0.025562723495304335,-0.025562723495304335,0.00037687515795831704,996.9757113244226,996.9501486009273
105,none,0.3923892004241805,0.5192307692307693,0.0,0.0,0.0,0.0,0.0,996.9501486009273,996.9501486009273
106,kelly,0.5835385373275589,0.4761904761904761,0.20493720762533982,0.00040987441525067967,0.4086243591918833,0.4494867951110718,0.09211656865452636,996.9501486009273,997.3996353960383
107,kelly,0.5202977313625727,0.4545454545454545,0.12054584083138346,0.00024109168166276692,0.24046475538746145,-0.24046475538746145,0.034784431354193374,997.3996353960383,997.1591706406508
108,none,0.40303006347076087,0.4273504273504273,0.0,0.0,0.0,0.0,0.0,997.1591706406508,997.1591706406508
109,kelly,0.5467445433166991,0.4545454545454545,0.16903166274728176,0.00033806332549456353,0.33710294527417933,0.4045235343290153,0.06837728562804055,997.1591706406508,997.5636941749798
110,none,0.47723621206944644,0.5454545454545454,0.0,0.0,0.0,0.0,0.0,997.5636941749798,997.5636941749798
111,none,0.3575812175886405,0.6,0.0,0.0,0.0,0.0,0.0,997.5636941749798,997.5636941749798
112,kelly,0.5852817015052644,0.4651162790697674,0.22465709411853782,0.00044931418823707564,0.4482195214630094,-0.4482195214630094,0.11580004950194353,997.5636941749798,997.1154746535168
113,none,0.4531460908350501,0.5555555555555556,0.0,0.0,0.0,0.0,0.0,997.1154746535168,997.1154746535168
114,kelly,0.8028619878093806,0.574468085106383,0.5367256713520443,0.0010734513427040886,1.0703549450978422,0.7928555148872902,0.4255459085130515,997.1154746535168,997.9083301684041
115,none,0.4556848102234815,0.5121951219512195,0.0,0.0,0.0,0.0,0.0,997.9083301684041,997.9083301684041
116,none,0.24313067407267652,0.3623188405797101,0.0,0.0,0.0,0.0,0.0,997.9083301684041,997.9083301684041
117,kelly,0.627283905130674,0.5918367346938775,0.08684556757015133,0.00017369113514030266,0.17332783063291404,-0.17332783063291404,0.010381209535874819,997.9083301684041,997.7350023377711
118,kelly,0.8635441441060567,0.6666666666666666,0.5906324323181702,0.0011812648646363404,1.178589302479466,-1.178589302479466,0.3480565332138113,997.7350023377711,996.5564130352916
119,none,0.49104207538877775,0.5454545454545454,0.0,0.0,0.0,0.0,0.0,996.5564130352916,996.5564130352916
120,kelly,0.7532054869284476,0.5555555555555556,0.444712345589007,0.000889424691178014,0.8863618799053836,0.7090895039243067,0.3153408565227238,996.5564130352916,997.265502539216
121,none,0.347362041291846,0.3773584905660377,0.0,0.0,0.0,0.0,0.0,997.265502539216,997.265502539216
122,kelly,0.6367966890271621,0.5555555555555556,0.18279255031111474,0.0003655851006222295,0.3645854090928775,-0.3645854090928775,0.053314797387446516,997.265502539216,996.900917130123
123,none,0.24770535879635686,0.4081632653061224,0.0,0.0,0.0,0.0,0.0,996.900917130123,996.900917130123
124,kelly,0.7348072372970129,0.6078431372549019,0.32375845510738305,0.0006475169102147661,0.6455102016503639,0.41645819461313804,0.13483186170475944,996.900917130123,997.3173753247362
125,none,0.41862955836230675,0.4545454545454545,0.0,0.0,0.0,0.0,0.0,997.3173753247362,997.3173753247362
126,none,0.33603009042309673,0.6,0.0,0.0,0.0,0.0,0.0,997.3173753247362,997.3173753247362
127,kelly,0.8293459692409461,0.6078431372549019,0.5648322215644125,0.001129664443128825,1.1266339774189194,0.7268606305928513,0.41055430474546994,997.3173753247362,998.044235955329
128,none,0.4692031720070737,0.5121951219512195,0.0,0.0,0.0,0.0,0.0,998.044235955329,998.044235955329
129,none,0.55499853786218,0.6062992125984252,0.0,0.0,0.0,0.0,0.0,998.044235955329,998.044235955329
130,none,0.5752413663238803,0.6078431372549019,0.0,0.0,0.0,0.0,0.0,998.044235955329,998.044235955329
131,none,0.4146367685629081,0.5652173913043478,0.0,0.0,0.0,0.0,0.0,998.044235955329,998.044235955329
132,none,0.2969533967699146,0.5238095238095238,0.0,0.0,0.0,0.0,0.0,998.044235955329,998.044235955329
133,kelly,0.7691506166153844,0.6078431372549019,0.41133407236923036,0.0008226681447384607,0.821059199960285,0.5297156128776033,0.2178900802425073,998.044235955329,998.5739515682066
134,none,0.1875154549938808,0.3952569169960474,0.0,0.0,0.0,0.0,0.0,998.5739515682066,998.5739515682066
135,none,0.15745587224718524,0.4444444444444444,0.0,0.0,0.0,0.0,0.0,998.5739515682066,998.5739515682066
136,none,0.5052476137136623,0.6402877697841727,0.0,0.0,0.0,0.0,0.0,998.5739515682066,998.5739515682066
137,none,0.4103495697900708,0.4444444444444444,0.0,0.0,0.0,0.0,0.0,998.5739515682066,998.5739515682066
138,kelly,0.6818913546676575,0.5918367346938775,0.22063381893576087,0.00044126763787152173,0.44063836884853386,-0.44063836884853386,0.06704808695770789,998.5739515682066,998.133313199358
139,kelly,0.5484315573336908,0.4166666666666667,0.22588266971489843,0.00045176533942979685,0.4509220350336957,0.6312908490471739,0.14259766234936058,998.133313199358,998.7646040484052
140,kelly,0.5691142205864776,0.3448275862068966,0.34233223142146585,0.0006846644628429317,0.6838186311373348,-0.6838186311373348,0.4447769999811506,998.7646040484052,998.0807854172679
141,none,0.35821940194862034,0.4761904761904761,0.0,0.0,0.0,0.0,0.0,998.0807854172679,998.0807854172679
142,kelly,0.7232789533159486,0.5652173913043478,0.36354159262668184,0.0007270831852533637,0.7256877566013661,0.5582213512318202,0.20293667906503426,998.0807854172679,998.6390067684997
143,none,0.4503625839409283,0.5327102803738317,0.0,0.0,0.0,0.0,0.0,998.6390067684997,998.6390067684997
144,kelly,0.7138736560273891,0.5454545454545454,0.370522043260256,0.0007410440865205121,0.7400355305345143,-0.7400355305345143,0.22849956404902988,998.6390067684997,997.8989712379652
145,none,0.3871543352905844,0.5121951219512195,0.0,0.0,0.0,0.0,0.0,997.8989712379652,997.8989712379652
146,none,0.23506209400316921,0.3703703703703703,0.0,0.0,0.0,0.0,0.0,997.8989712379652,997.8989712379652
147,kelly,0.7168539117856084,0.5918367346938775,0.30629208387474066,0.0006125841677494813,0.6112971107938725,-0.6112971107938725,0.12912790753907827,997.8989712379652,997.2876741271713
148,none,0.4755861486689771,0.6226415094339622,0.0,0.0,0.0,0.0,0.0,997.2876741271713,997.2876741271713
149,none,0.16696911774683654,0.4385964912280701,0.0,0.0,0.0,0.0,0.0,997.2876741271713,997.2876741271713
150,kelly,0.5530075254232956,0.4444444444444444,0.19541354576193204,0.00039082709152386407,0.3897670410917215,0.4872088013646519,0.09520719940108746,997.2876741271713,997.7748829285359
151,kelly,0.6171951428390784,0.5555555555555556,0.13868907138792633,0.00027737814277585266,0.27676094393511114,0.22140875514808886,0.03070697464864519,997.7748829285359,997.996291683684
152,kelly,0.6408113622700999,0.5238095238095238,0.24570386076720982,0.0004914077215344197,0.4904230837960793,-0.4904230837960793,0.10954440463459778,997.996291683684,997.505868599888
153,kelly,0.7666324364875827,0.5238095238095238,0.5099281166239237,0.0010198562332478474,1.017312577792904,0.9248296161753671,0.47159662437433114,997.505868599888,998.4306982160633
154,none,0.6221396728143435,0.6835443037974683,0.0,0.0,0.0,0.0,0.0,998.4306982160633,998.4306982160633
155,kelly,0.7106170447276183,0.5238095238095238,0.39229579392799846,0.0007845915878559969,0.7833603268775128,0.7121457517068297,0.27937178305828203,998.4306982160633,999.1428439677702
156,none,0.38057032542669,0.392156862745098,0.0,0.0,0.0,0.0,0.0,999.1428439677702,999.1428439677702
157,none,0.4073511607962883,0.6226415094339622,0.0,0.0,0.0,0.0,0.0,999.1428439677702,999.1428439677702
158,none,0.35195227862015477,0.5,0.0,0.0,0.0,0.0,0.0,999.1428439677702,999.1428439677702
159,none,0.49302230439031247,0.5121951219512195,0.0,0.0,0.0,0.0,0.0,999.1428439677702,999.1428439677702
160,none,0.4324964592407595,0.5652173913043478,0.0,0.0,0.0,0.0,0.0,999.1428439677702,999.1428439677702
161,none,0.24026452378224084,0.4545454545454545,0.0,0.0,0.0,0.0,0.0,999.1428439677702,999.1428439677702
162,none,0.4131835611313266,0.5238095238095238,0.0,0.0,0.0,0.0,0.0,999.1428439677702,999.1428439677702
163,none,0.4358379347482349,0.6491228070175439,0.0,0.0,0.0,0.0,0.0,999.1428439677702,999.1428439677702
164,none,0.42494492240212833,0.5348837209302325,0.0,0.0,0.0,0.0,0.0,999.1428439677702,999.1428439677702
165,none,0.584588704533722,0.609375,0.0,0.0,0.0,0.0,0.0,999.1428439677702,999.1428439677702
166,kelly,0.40479933698587844,0.3508771929824561,0.08306924887013709,0.00016613849774027418,0.1659960911247505,-0.1659960911247505,0.02550996561945694,999.1428439677702,998.9768478766455
167,kelly,0.7206456335707232,0.6078431372549019,0.28764636560534423,0.0005752927312106885,0.5747041192311999,0.3707768511169032,0.10665261367437101,998.9768478766455,999.3476247277624
168,kelly,0.7127657676476136,0.6774193548387096,0.10957387970760218,0.00021914775941520438,0.21900479283599564,-0.21900479283599564,0.011427240393142732,999.3476247277624,999.1286199349264
169,kelly,0.7153287513044876,0.5348837209302325,0.3879568153046484,0.0007759136306092968,0.775237514939365,-0.775237514939365,0.2615292846961442,999.1286199349264,998.353382419987
170,none,0.46712348685595195,0.5495495495495496,0.0,0.0,0.0,0.0,0.0,998.353382419987,998.353382419987
171,none,0.35979732813115206,0.4081632653061224,0.0,0.0,0.0,0.0,0.0,998.353382419987,998.353382419987
172,none,0.4200365732044795,0.5555555555555556,0.0,0.0,0.0,0.0,0.0,998.353382419987,998.353382419987
173,none,0.6562700920505296,0.6644295302013423,0.0,0.0,0.0,0.0,0.0,998.353382419987,998.353382419987
174,kelly,0.6805307131985141,0.5238095238095238,0.32911449771687956,0.0006582289954337591,0.6571451439982037,-0.6571451439982037,0.1966145399945957,998.353382419987,997.6962372759889
175,kelly,0.6230152893925688,0.609375,0.03491914084497608,6.983828168995217e-05,0.06967739085988588,0.04466499414095248,0.0015596632212479464,997.6962372759889,997.7409022701298
176,kelly,0.6896592293953824,0.4761904761904761,0.4075312561184573,0.0008150625122369146,0.813221206365818,-0.813221206365818,0.3645543657056721,997.7409022701298,996.927681063764
177,none,0.4500943297024011,0.6551724137931034,0.0,0.0,0.0,0.0,0.0,996.927681063764,996.927681063764
178,kelly,0.6195835103311899,0.5833333333333334,0.08700042479485558,0.00017400084958971117,0.17346626348459554,-0.17346626348459554,0.010779741864811551,996.927681063764,996.7542148002794
179,none,0.4838799969135509,0.5121951219512195,0.0,0.0,0.0,0.0,0.0,996.7542148002794,996.7542148002794
180,none,0.2744531395363524,0.2941176470588235,0.0,0.0,0.0,0.0,0.0,996.7542148002794,996.7542148002794
181,none,0.27901605466961554,0.425531914893617,0.0,0.0,0.0,0.0,0.0,996.7542148002794,996.7542148002794
182,kelly,0.8213673738836087,0.6491228070175439,0.49089701556828474,0.0009817940311365695,0.9786073386011325,-0.9786073386011325,0.25967320104460434,996.7542148002794,995.7756074616783
183,kelly,0.5745467239256781,0.574468085106383,0.00018480122534334512,3.6960245068669027e-07,0.000368041104851864,0.00027262304063101027,5.038107196543378e-08,995.7756074616783,995.7758800847189
184,none,0.2881276708321471,0.4166666666666667,0.0,0.0,0.0,0.0,0.0,995.7758800847189,995.7758800847189
185,kelly,0.8230740976624618,0.6,0.5576852441561544,0.0011153704883123089,1.110659029619712,0.7404393530798081,0.41293210140513786,995.7758800847189,996.5163194377988
186,kelly,0.6864172754619967,0.6226415094339622,0.16900577997429134,0.00033801155994858266,0.33683403564739045,0.2041418397862973,0.03450115085847001,996.5163194377988,996.7204612775851
187,kelly,0.8042194989132592,0.6078431372549019,0.5007597222288109,0.001001519444457622,0.9982349226582716,0.6440225307472721,0.3225005436060999,996.7204612775851,997.3644838083324
188,kelly,0.3722565550910859,0.3333333333333333,0.05838483263662888,0.00011676966527325777,0.11646191692973448,-0.11646191692973448,0.013599219056967038,997.3644838083324,997.2480218914026
189,kelly,0.7394060715375423,0.588477366255144,0.3667567538362279,0.0007335135076724558,0.7314948945569807,0.511534891298588,0.1876088762066378,997.2480218914026,997.7595567827011
190,kelly,0.8862120565126614,0.6666666666666666,0.6586361695379843,0.0013172723390759687,1.3143210651985504,0.6571605325992752,0.43282969596272836,997.7595567827011,998.4167173153004
191,none,0.39297227049770345,0.4587155963302752,0.0,0.0,0.0,0.0,0.0,998.4167173153004,998.4167173153004
192,kelly,0.5404915628599238,0.3846153846153846,0.2532987896473763,0.0005065975792947526,0.5057954921193445,-0.5057954921193445,0.20498781754068637,998.4167173153004,997.9109218231811
193,none,0.3410634461980514,0.4545454545454545,0.0,0.0,0.0,0.0,0.0,997.9109218231811,997.9109218231811
194,kelly,0.8303300716568547,0.6644295302013423,0.4943836135374269,0.0009887672270748537,0.9867016150388178,0.49833414900950385,0.24636823733641708,997.9109218231811,998.4092559721905
195,none,0.4892065815514927,0.7142857142857143,0.0,0.0,0.0,0.0,0.0,998.4092559721905,998.4092559721905
196,kelly,0.5745090484911974,0.5,0.14901809698239488,0.00029803619396478976,0.2975620946691692,0.2975620946691692,0.04434213708169482,998.4092559721905,998.7068180668597
197,none,0.22069306750829468,0.4545454545454545,0.0,0.0,0.0,0.0,0.0,998.7068180668597,998.7068180668597
198,kelly,0.6516119547184809,0.4926108374384236,0.3133711340568119,0.0006267422681136238,0.6259317763357638,-0.6259317763357638,0.2020334191103091,998.7068180668597,998.080886290524
199,kelly,0.46370414222822165,0.4545454545454545,0.016790927418406484,3.3581854836812965e-05,0.033517407438806004,-0.033517407438806004,0.0006753460266697778,998.080886290524,998.0473688830851
200,none,0.45429343281988077,0.5238095238095238,0.0,0.0,0.0,0.0,0.0,998.0473688830851,998.0473688830851
201,kelly,0.5793697868936909,0.4878048780487805,0.1787695839353013,0.0003575391678706026,0.3568410257659026,-0.3568410257659026,0.06698193779257741,998.0473688830851,997.6905278573192
202,none,0.4887702926999852,0.6666666666666666,0.0,0.0,0.0,0.0,0.0,997.6905278573192,997.6905278573192
203,none,0.27187242087582086,0.2777777777777778,0.0,0.0,0.0,0.0,0.0,997.6905278573192,997.6905278573192
204,kelly,0.7690533685440883,0.5238095238095238,0.5150120739425855,0.0010300241478851712,1.0276453358093418,-1.0276453358093418,0.48113614152053974,997.6905278573192,996.6628825215099
205,kelly,0.719655513697445,0.7142857142857143,0.018794297941057303,3.7588595882114607e-05,0.0374631583218045,0.014985263328721798,0.00028163750372519475,996.6628825215099,996.6778677848387
206,kelly,0.6162206038430027,0.5633187772925764,0.12114518280047622,0.00024229036560095244,0.2414854449719663,0.18719801935811342,0.02267813827502574,996.6778677848387,996.8650658041968
207,kelly,0.8323807457961464,0.7333333333333333,0.37142779673554915,0.0007428555934710983,0.740526790068582,0.2692824691158481,0.10001899420320805,996.8650658041968,997.1343482733126
208,kelly,0.5162171124675413,0.4166666666666667,0.17065790708721368,0.0003413158141744274,0.34033772192219275,-0.34033772192219275,0.08131385265650015,997.1343482733126,996.7940105513904
209,kelly,0.5936410179478252,0.5555555555555556,0.08569229038260665,0.0001713845807652133,0.17083512360762565,0.1366680988861005,0.011711402415786512,996.7940105513904,996.9306786502765
210,kelly,0.6745330534920196,0.4878048780487805,0.36456453300822883,0.0007291290660164577,0.7268911346074295,0.7632356913378011,0.2782486633877782,996.9306786502765,997.6939143416143
211,none,0.30113896658611106,0.3571428571428571,0.0,0.0,0.0,0.0,0.0,997.6939143416143,997.6939143416143
212,none,0.5370233100050607,0.6666666666666666,0.0,0.0,0.0,0.0,0.0,997.6939143416143,997.6939143416143
213,kelly,0.4849563944341959,0.3846153846153846,0.16305414095556842,0.0003261082819111368,0.3253562482791408,-0.3253562482791408,0.08488109370829106,997.6939143416143,997.3685580933352
214,kelly,0.5318412685369722,0.5121951219512195,0.04027460050079303,8.054920100158607e-05,0.08033724045852213,0.07651165757954488,0.0030814764426696367,997.3685580933352,997.4450697509147
215,kelly,0.5287523020160287,0.5238095238095238,0.010379834233660302,2.0759668467320606e-05,0.020706628962392466,0.01882420814762951,0.00019539216015231065,997.4450697509147,997.4638939590624
216,kelly,0.8270765025249014,0.574468085106383,0.5936297809335183,0.0011872595618670366,1.1842485457200247,-1.1842485457200247,0.520744596123419,997.4638939590624,996.2796454133423
217,kelly,0.78807362630081,0.6598639455782312,0.3769364613243815,0.0007538729226487631,0.7510682480632298,0.38714858147589176,0.14593041630827666,996.2796454133423,996.6667939948182
218,none,0.3507155333518609,0.5833333333333334,0.0,0.0,0.0,0.0,0.0,996.6667939948182,996.6667939948182
219,kelly,0.7988522173101213,0.75,0.1954088692404854,0.0003908177384809708,0.38951506244813444,0.1298383541493781,0.02537156596837563,996.6667939948182,996.7966323489676
220,kelly,0.6890454325047842,0.6666666666666666,0.06713629751435278,0.00013427259502870557,0.13384247054137044,0.06692123527068522,0.004492843961160717,996.7966323489676,996.8635535842383
221,none,0.4484938992370763,0.4545454545454545,0.0,0.0,0.0,0.0,0.0,996.8635535842383,996.8635535842383
222,kelly,0.5788568921803815,0.4651162790697674,0.21264549407636552,0.000425290988152731,0.42395708575728364,-0.42395708575728364,0.10367544856323874,996.8635535842383,996.439596498481
223,kelly,0.7602328880963201,0.6363636363636364,0.34064044226488016,0.0006812808845297603,0.6788552496829626,0.3879172855331215,0.13214031570619433,996.439596498481,996.8275137840142
224,none,0.3082462172249649,0.4761904761904761,0.0,0.0,0.0,0.0,0.0,996.8275137840142,996.8275137840142
225,kelly,0.752915890249612,0.6363636363636364,0.3205186981864331,0.0006410373963728662,0.6390037140689419,0.36514497946796676,0.11703579346838455,996.8275137840142,997.1926587634821
226,none,0.42408834674614104,0.4878048780487805,0.0,0.0,0.0,0.0,0.0,997.1926587634821,997.1926587634821
227,none,0.6030841792822605,0.6575342465753424,0.0,0.0,0.0,0.0,0.0,997.1926587634821,997.1926587634821
228,kelly,0.46642238252080104,0.4081632653061224,0.09843781874204321,0.00019687563748408643,0.1963229403885116,-0.1963229403885116,0.02802212293026042,997.1926587634821,996.9963358230935
229,none,0.44972016152478783,0.5,0.0,0.0,0.0,0.0,0.0,996.9963358230935,996.9963358230935
230,none,0.5360385803841282,0.5652173913043478,0.0,0.0,0.0,0.0,0.0,996.9963358230935,996.9963358230935
231,kelly,0.5177682643539132,0.4545454545454545,0.115908484648841,0.000231816969297682,0.23112066897140354,-0.23112066897140354,0.03214661581380214,996.9963358230935,996.7652151541222
232,none,0.6072998752578158,0.6666666666666666,0.0,0.0,0.0,0.0,0.0,996.7652151541222,996.7652151541222
233,kelly,0.6999420185726288,0.5652173913043478,0.3098666427170464,0.0006197332854340928,0.6177285815938846,-0.6177285815938846,0.14724113976066167,996.7652151541222,996.1474865725284
234,none,0.5652495665479861,0.5918367346938775,0.0,0.0,0.0,0.0,0.0,996.1474865725284,996.1474865725284
235,none,0.6259789021236802,0.696969696969697,0.0,0.0,0.0,0.0,0.0,996.1474865725284,996.1474865725284
236,none,0.6712012675245154,0.7560975609756098,0.0,0.0,0.0,0.0,0.0,996.1474865725284,996.1474865725284
237,kelly,0.6795650267827077,0.5348837209302325,0.3110648075828216,0.0006221296151656433,0.6197328524695899,0.5388981325822522,0.16763224391844014,996.1474865725284,996.6863847051106
238,none,0.5076239926996156,0.5238095238095238,0.0,0.0,0.0,0.0,0.0,996.6863847051106,996.6863847051106
239,kelly,0.6321810996258879,0.5833333333333334,0.1172346391021308,0.0002344692782042616,0.2336923372178223,-0.2336923372178223,0.019569169153332025,996.6863847051106,996.4526923678928
240,none,0.49737485299808665,0.6363636363636364,0.0,0.0,0.0,0.0,0.0,996.4526923678928,996.4526923678928
241,none,0.5221513375396997,0.574468085106383,0.0,0.0,0.0,0.0,0.0,996.4526923678928,996.4526923678928
242,kelly,0.5002979847306395,0.4761904761904761,0.046023425394857306,9.204685078971462e-05,0.09172033229339684,-0.09172033229339684,0.004643412257546352,996.4526923678928,996.3609720355994
243,kelly,0.5549633440988739,0.4273504273504273,0.22284643670997398,0.00044569287341994794,0.4440709845900387,-0.4440709845900387,0.13260591299332108,996.3609720355994,995.9169010510094
244,kelly,0.7954659334193354,0.6875,0.34549098694187313,0.0006909819738837462,0.68816062611241,0.31280028459655,0.1080696790409609,995.9169010510094,996.2297013356059
245,none,0.5142413665234047,0.576271186440678,0.0,0.0,0.0,0.0,0.0,996.2297013356059,996.2297013356059
246,kelly,0.669096254780863,0.6363636363636364,0.09001470064737324,0.0001800294012947465,0.17935063668349324,0.10248607810485327,0.009225253641131671,996.2297013356059,996.3321874137108
247,kelly,0.8582991646410012,0.5,0.7165983292820024,0.0014331966585640048,1.4279399618210962,-1.4279399618210962,1.0232593909560037,996.3321874137108,994.9042474518897
248,kelly,0.665022860956699,0.4878048780487805,0.34599701424879337,0.0006919940284975867,0.6884677981635929,-0.6884677981635929,0.25011819269959645,994.9042474518897,994.215779653726
249,none,0.49214579482918264,0.6666666666666666,0.0,0.0,0.0,0.0,0.0,994.215779653726,994.215779653726
250,none,0.40600999176669644,0.5555555555555556,0.0,0.0,0.0,0.0,0.0,994.215779653726,994.215779653726
251,kelly,0.5779318460198626,0.4484304932735426,0.23478700538560449,0.00046957401077120896,0.46685789122402466,0.5742352062055504,0.13482296445198627,994.215779653726,994.7900148599316
252,kelly,0.6253295568433683,0.425531914893617,0.34779589524586335,0.0006955917904917267,0.6919677675997112,0.9341564862596102,0.3248957914383912,994.7900148599316,995.7241713461913
253,kelly,0.7041273406681847,0.4878048780487805,0.42234385559026544,0.0008446877111805309,0.8410759712615451,-0.8410759712615451,0.3729844319742747,995.7241713461913,994.8830953749298
254,none,0.41896800349959695,0.4545454545454545,0.0,0.0,0.0,0.0,0.0,994.8830953749298,994.8830953749298
255,none,0.3562407606081187,0.5348837209302325,0.0,0.0,0.0,0.0,0.0,994.8830953749298,994.8830953749298
256,none,0.4771723265058682,0.5555555555555556,0.0,0.0,0.0,0.0,0.0,994.8830953749298,994.8830953749298
257,kelly,0.38368340914056986,0.3508771929824561,0.05053930597331036,0.00010107861194662073,0.1005614023296554,-0.1005614023296554,0.009402261440670696,994.8830953749298,994.7825339726002
258,none,0.6764241581962007,0.7142857142857143,0.0,0.0,0.0,0.0,0.0,994.7825339726002,994.7825339726002
259,none,0.4310857333442782,0.5454545454545454,0.0,0.0,0.0,0.0,0.0,994.7825339726002,994.7825339726002
260,kelly,0.6251909335162167,0.4878048780487805,0.26822991781737543,0.0005364598356347508,0.533660874667262,0.5603439184006253,0.15030100318206585,994.7825339726002,995.3428778910007
261,none,0.20546093180083563,0.4651162790697674,0.0,0.0,0.0,0.0,0.0,995.3428778910007,995.3428778910007
262,kelly,0.6586461886146485,0.6363636363636364,0.06127701869028346,0.0001225540373805669,0.12198328826353474,0.06970473615059128,0.004271298419901051,995.3428778910007,995.4125826271513
263,kelly,0.7948889040035413,0.574468085106383,0.517988924408322,0.0010359778488166441,1.0312253860350962,-1.0312253860350962,0.39567653965546357,995.4125826271513,994.3813572411162
264,kelly,0.7175912959125588,0.6415770609318996,0.21207971559603908,0.00042415943119207815,0.4217762308753985,-0.4217762308753985,0.04997216932358872,994.3813572411162,993.9595810102409
265,kelly,0.6428547898063264,0.4545454545454545,0.34523378131159843,0.0006904675626231969,0.686296849246115,-0.686296849246115,0.28431942764096674,993.9595810102409,993.2732841609948
266,kelly,0.4936759118590748,0.4166666666666667,0.13201584890127102,0.00026403169780254206,0.2622556315989343,-0.2622556315989343,0.04847065976854123,993.2732841609948,993.0110285293958
267,kelly,0.561857888613361,0.3773584905660377,0.2963172150457009,0.0005926344300914018,0.5884925249669952,-0.5884925249669952,0.287727769021164,993.0110285293958,992.4225360044288
268,kelly,0.5545449112441518,0.5348837209302325,0.04227155917492655,8.45431183498531e-05,0.08390249591448377,0.07295869209955111,0.0030840776704114184,992.4225360044288,992.4954946965283
269,kelly,0.5815031271173889,0.4761904761904761,0.20105142449683353,0.0004021028489936671,0.39908526603085304,0.43899379263393856,0.0882603273543209,992.4954946965283,992.9344884891623
270,kelly,0.4572091651643212,0.4166666666666667,0.06950142599597917,0.00013900285199195834,0.1380207257411699,0.19322901603763784,0.01342969215841576,992.9344884891623,993.1277175051999
271,none,0.19545677456477908,0.6666666666666666,0.0,0.0,0.0,0.0,0.0,993.1277175051999,993.1277175051999
272,kelly,0.5999491144467998,0.5555555555555556,0.09988550750529943,0.00019977101501059887,0.19839813216117308,0.15871850572893842,0.015853678495217793,993.1277175051999,993.2864360109289
273,kelly,0.44195609732898067,0.425531914893617,0.028590243498595968,5.718048699719194e-05,0.05679660213881005,-0.05679660213881005,0.0021921687248059735,993.2864360109289,993.2296394087901
274,kelly,0.4615153511815341,0.4166666666666667,0.07688345916834412,0.00015376691833668825,0.15272586085254974,0.21381620519356964,0.0164389294815301,993.2296394087901,993.4434556139837
275,none,0.482741453271482,0.5454545454545454,0.0,0.0,0.0,0.0,0.0,993.4434556139837,993.4434556139837
276,none,0.50419847466888,0.5238095238095238,0.0,0.0,0.0,0.0,0.0,993.4434556139837,993.4434556139837
277,none,0.3750200550739107,0.4878048780487805,0.0,0.0,0.0,0.0,0.0,993.4434556139837,993.4434556139837
278,kelly,0.5223249457496367,0.3703703703703703,0.24133961972001133,0.0004826792394400227,0.4795145315824256,-0.4795145315824256,0.19673395299394744,993.4434556139837,992.9639410824012
279,kelly,0.6517217931227263,0.5,0.30344358624545253,0.0006068871724909051,0.6026170785889241,0.6026170785889241,0.18286028745978086,992.9639410824012,993.5665581609901
280,kelly,0.6605222105834965,0.5555555555555556,0.236174973812867,0.000472349947625734,0.4693111117100245,-0.4693111117100245,0.08867163161456201,993.5665581609901,993.0972470492801
281,none,0.4625779924456057,0.4878048780487805,0.0,0.0,0.0,0.0,0.0,993.0972470492801,993.0972470492801
282,none,0.48737718539691627,0.5454545454545454,0.0,0.0,0.0,0.0,0.0,993.0972470492801,993.0972470492801
283,kelly,0.5702928508922206,0.4761904761904761,0.1796499880669667,0.0003592999761339334,0.35681981716348127,0.3925017988798296,0.07051294348502435,993.0972470492801,993.4897488481599
284,none,0.4536730582231333,0.4545454545454545,0.0,0.0,0.0,0.0,0.0,993.4897488481599,993.4897488481599
285,kelly,0.6276341474590235,0.6078431372549019,0.05046707602050995,0.0001009341520410199,0.10027704536143485,0.06469486797511927,0.003264960820237188,993.4897488481599,993.5544437161351
286,kelly,0.8105674095559048,0.5652173913043478,0.564305041978581,0.0011286100839571621,1.1213355641384788,-1.1213355641384788,0.48675024045633863,993.5544437161351,992.4331081519966
287,kelly,0.59696090589253,0.4424778761061947,0.27708860898183957,0.0005541772179636791,0.5499838188907206,-0.5499838188907206,0.1920167566870766,992.4331081519966,991.8831243331059
288,none,0.13813110754707458,0.2941176470588235,0.0,0.0,0.0,0.0,0.0,991.8831243331059,991.8831243331059
289,none,0.3684812366545499,0.4,0.0,0.0,0.0,0.0,0.0,991.8831243331059,991.8831243331059
290,kelly,0.7875599899517389,0.6,0.46889997487934737,0.0009377999497586948,0.930187944166084,0.6201252961107228,0.2907767357683657,991.8831243331059,992.5032496292166
291,kelly,0.8056306875201203,0.6774193548387096,0.39745513131237314,0.0007949102626247463,0.7889510188186747,0.3756909613422261,0.1493203003731462,992.5032496292166,992.8789405905588
292,kelly,0.6199867468252171,0.5348837209302325,0.18297150567421697,0.00036594301134843394,0.3633371094241519,-0.3633371094241519,0.057808989546656336,992.8789405905588,992.5156034811347
293,kelly,0.5488097579635534,0.5,0.09761951592710671,0.00019523903185421343,0.19377778552385713,-0.19377778552385713,0.01891649362026565,992.5156034811347,992.3218256956109
294,kelly,0.6300861096798431,0.5454545454545454,0.18618944129565496,0.0003723788825913099,0.36951969262350015,0.3079330771862502,0.05733388759775973,992.3218256956109,992.6297587727971
295,none,0.505085498974196,0.5121951219512195,0.0,0.0,0.0,0.0,0.0,992.6297587727971,992.6297587727971
296,kelly,0.7054270541518943,0.6923076923076923,0.04263792599365662,8.527585198731325e-05,0.0846473483873115,-0.0846473483873115,0.0016040832782655313,992.6297587727971,992.5451114244098
297,kelly,0.5499774662029437,0.5,0.09995493240588749,0.00019990986481177497,0.1984195590444419,0.1984195590444419,0.0198330136122932,992.5451114244098,992.7435309834542
298,kelly,0.6417345896730088,0.3891050583657587,0.4135400608023138,0.0008270801216046276,0.8210784403280027,1.2890931513149644,0.5330916601746367,992.7435309834542,994.0326241347692
299,none,0.47046607553344844,0.4878048780487805,0.0,0.0,0.0,0.0,0.0,994.0326241347692,994.0326241347692
300,kelly,0.7313989268316019,0.5454545454545454,0.40907763902952426,0.0008181552780590485,0.8132730379987478,-0.8132730379987478,0.2772431785590803,994.0326241347692,993.2193510967704
301,none,0.2645582985965049,0.425531914893617,0.0,0.0,0.0,0.0,0.0,993.2193510967704,993.2193510967704
302,kelly,0.5446993600500427,0.4366812227074236,0.19175312753069595,0.0003835062550613919,0.3809058337936282,-0.3809058337936282,0.09422145155275422,993.2193510967704,992.8384452629768
303,kelly,0.6336286084639746,0.6153846153846154,0.047434382006333924,9.486876401266786e-05,0.0941893561663574,0.05886834760397337,0.0027923836883285286,992.8384452629768,992.8973136105808
304,kelly,0.5094181354792553,0.4651162790697674,0.08282520980904262,0.00016565041961808525,0.1644738566372623,-0.1644738566372623,0.01566596893669621,992.8973136105808,992.7328397539435
305,none,0.5880208507578424,0.7142857142857143,0.0,0.0,0.0,0.0,0.0,992.7328397539435,992.7328397539435
306,none,0.244926807279575,0.3636363636363636,0.0,0.0,0.0,0.0,0.0,992.7328397539435,992.7328397539435
307,none,0.40792825399335164,0.5238095238095238,0.0,0.0,0.0,0.0,0.0,992.7328397539435,992.7328397539435
308,none,0.5535787206939775,0.647887323943662,0.0,0.0,0.0,0.0,0.0,992.7328397539435,992.7328397539435
309,kelly,0.5278096608806682,0.3846153846153846,0.23269069893108582,0.00046538139786217166,0.4619993966683735,-0.4619993966683735,0.172004740026406,992.7328397539435,992.2708403572751
310,none,0.3463198302842071,0.5555555555555556,0.0,0.0,0.0,0.0,0.0,992.2708403572751,992.2708403572751
311,kelly,0.7104912921523736,0.5348837209302325,0.37755627812760334,0.0007551125562552067,0.7492761707596841,0.6515444963127689,0.24599471506237292,992.2708403572751,992.9223848535879
312,none,0.37251267460900794,0.4444444444444444,0.0,0.0,0.0,0.0,0.0,992.9223848535879,992.9223848535879
313,none,0.5944438335641304,0.6,0.0,0.0,0.0,0.0,0.0,992.9223848535879,992.9223848535879
314,none,0.5160473003470081,0.6226415094339622,0.0,0.0,0.0,0.0,0.0,992.9223848535879,992.9223848535879
315,kelly,0.5767153441361903,0.425531914893617,0.26317115460744234,0.0005263423092148847,0.5226170609149878,0.7055330322352337,0.1856759427070363,992.9223848535879,993.6279178858232
316,kelly,0.5872095793910616,0.4444444444444444,0.25697724290391083,0.0005139544858078217,0.5106795256213047,0.6383494070266309,0.16404127062704993,993.6279178858232,994.2662672928499
317,kelly,0.5282510956878275,0.4273504273504273,0.1761996745593406,0.0003523993491186812,0.350378785444661,0.46950757249584585,0.08272708147691407,994.2662672928499,994.7357748653458
318,kelly,0.6029576363994333,0.5238095238095238,0.16621103643880997,0.0003324220728776199,0.3306721282462637,-0.3306721282462637,0.04996487014294412,994.7357748653458,994.4051027370995
319,kelly,0.6016671860573408,0.4444444444444444,0.2830009349032135,0.000566001869806427,0.5628351474942505,-0.5628351474942505,0.19910359117157622,994.4051027370995,993.8422675896052
320,kelly,0.4911709728958625,0.4545454545454545,0.06714678364241466,0.00013429356728482934,0.13346662343305202,0.16015994811966244,0.010754225384571311,993.8422675896052,994.0024275377249
321,kelly,0.5466738886457627,0.5238095238095238,0.04801516615610166,9.603033231220332e-05,0.09545438343558452,0.08677671221416773,0.0041665982554434725,994.0024275377249,994.089204249939
322,kelly,0.8197071389815438,0.7142857142857143,0.3689749864354032,0.0007379499728708065,0.7335881013074042,-0.7335881013074042,0.10827026389162903,994.089204249939,993.3556161486316
323,none,0.378341085122997,0.5918367346938775,0.0,0.0,0.0,0.0,0.0,993.3556161486316,993.3556161486316
324,none,0.4562250190486832,0.4878048780487805,0.0,0.0,0.0,0.0,0.0,993.3556161486316,993.3556161486316
325,none,0.47304895710833156,0.6575342465753424,0.0,0.0,0.0,0.0,0.0,993.3556161486316,993.3556161486316
326,none,0.4399954002010641,0.4761904761904761,0.0,0.0,0.0,0.0,0.0,993.3556161486316,993.3556161486316
327,none,0.15948535875395523,0.3703703703703703,0.0,0.0,0.0,0.0,0.0,993.3556161486316,993.3556161486316
328,kelly,0.6613993434377801,0.6363636363636364,0.0688481944538952,0.00013769638890779042,0.13678148124493975,-0.13678148124493975,0.005381233153396239,993.3556161486316,993.2188346673867
329,kelly,0.8434655043796383,0.7058823529411765,0.4677827148907701,0.0009355654297815403,0.9292212059227142,-0.9292212059227142,0.18111400768358432,993.2188346673867,992.289613461464
330,kelly,0.7255882616003065,0.5833333333333334,0.34141182784073565,0.0006828236556814713,0.677558821358511,0.48397058668465065,0.16523328262115974,992.289613461464,992.7735840481487
331,none,0.4382889897511635,0.5121951219512195,0.0,0.0,0.0,0.0,0.0,992.7735840481487,992.7735840481487
332,kelly,0.562340473152654,0.5555555555555556,0.015266064593471462,3.053212918694293e-05,0.030311491321542417,0.024249193057233928,0.0003701897475512899,992.7735840481487,992.7978332412059
333,kelly,0.5765942895939904,0.4166666666666667,0.2741616393039835,0.0005483232786079671,0.5443741629177038,-0.5443741629177038,0.20894511806035201,992.7978332412059,992.2534590782882
334,none,0.45685097074738956,0.6226415094339622,0.0,0.0,0.0,0.0,0.0,992.2534590782882,992.2534590782882
335,none,0.27425540389939745,0.3636363636363636,0.0,0.0,0.0,0.0,0.0,992.2534590782882,992.2534590782882
336,kelly,0.6439600472088174,0.5238095238095238,0.2523160991385165,0.000504632198277033,0.5007230443026666,-0.5007230443026666,0.11485498662473764,992.2534590782882,991.7527360339856
337,none,0.501168015499053,0.6363636363636364,0.0,0.0,0.0,0.0,0.0,991.7527360339856,991.7527360339856
338,kelly,0.4944285219316118,0.4651162790697674,0.05480114969823086,0.00010960229939646172,0.10869838030205696,-0.10869838030205696,0.006850315642521497,991.7527360339856,991.6440376536835
339,none,0.2838348590827778,0.4878048780487805,0.0,0.0,0.0,0.0,0.0,991.6440376536835,991.6440376536835
340,none,0.514105278393096,0.588477366255144,0.0,0.0,0.0,0.0,0.0,991.6440376536835,991.6440376536835
341,kelly,0.6636711652379647,0.6078431372549019,0.14236147135681,0.00028472294271362,0.2823438085251726,0.18215729582269202,0.025932180651696127,991.6440376536835,991.8261949495062
342,kelly,0.6471789417138786,0.6363636363636364,0.02974208971316611,5.948417942633222e-05,0.058997967340112784,0.03371312419435016,0.0010026987642994742,991.8261949495062,991.8599080737006
343,kelly,0.8167677598137987,0.6666666666666666,0.4503032794413961,0.0009006065588827922,0.8932755387040581,-0.8932755387040581,0.20112245226160855,991.8599080737006,990.9666325349965
344,none,0.44437705451385645,0.4761904761904761,0.0,0.0,0.0,0.0,0.0,990.9666325349965,990.9666325349965
345,kelly,0.7687926059020866,0.6153846153846154,0.39886077534542524,0.0007977215506908505,0.7905154387887077,0.4940721492429423,0.1970660005236206,990.9666325349965,991.4607046842394
346,kelly,0.5297417670403526,0.3703703703703703,0.2531192770640895,0.000506238554128179,0.5019156336142548,-0.5019156336142548,0.2159756879569279,991.4607046842394,990.9587890506252
347,kelly,0.743731948127369,0.5238095238095238,0.46183709106747484,0.0009236741821349497,0.9153230490057764,0.8321118627325239,0.3843001221271268,990.9587890506252,991.7909009133577
348,none,0.43144723108315525,0.574468085106383,0.0,0.0,0.0,0.0,0.0,991.7909009133577,991.7909009133577
349,kelly,0.7976302521080123,0.6666666666666666,0.39289075632403697,0.000785781512648074,0.7793309543502943,0.38966547717514716,0.1530959640407103,991.7909009133577,992.1805663905329
350,none,0.4411782104952903,0.4761904761904761,0.0,0.0,0.0,0.0,0.0,992.1805663905329,992.1805663905329
351,none,0.6126113957565607,0.6666666666666666,0.0,0.0,0.0,0.0,0.0,992.1805663905329,992.1805663905329
352,kelly,0.45554684348432517,0.4081632653061224,0.08006190795627365,0.0001601238159125473,0.1588717383647246,-0.1588717383647246,0.018443383016024162,992.1805663905329,992.0216946521682
353,none,0.4650009075316863,0.4761904761904761,0.0,0.0,0.0,0.0,0.0,992.0216946521682,992.0216946521682
354,kelly,0.5781016921644604,0.4081632653061224,0.28713734193305385,0.0005742746838661077,0.5696929450846943,-0.5696929450846943,0.23719117105596688,992.0216946521682,991.4520017070835
355,none,0.5980730516776157,0.7142857142857143,0.0,0.0,0.0,0.0,0.0,991.4520017070835,991.4520017070835
356,kelly,0.4814277283112573,0.4651162790697674,0.03049531814713332,6.099063629426664e-05,0.06046928843933936,0.06953968170524029,0.0021206347174516915,991.4520017070835,991.5215413887887
357,none,0.5775529611761204,0.6923076923076923,0.0,0.0,0.0,0.0,0.0,991.5215413887887,991.5215413887887
358,kelly,0.547569047864852,0.4081632653061224,0.2355477015647501,0.0004710954031295002,0.46710124025213484,-0.46710124025213484,0.15953570413218,991.5215413887887,991.0544401485365
359,none,0.38400905981815514,0.5594713656387665,0.0,0.0,0.0,0.0,0.0,991.0544401485365,991.0544401485365
360,kelly,0.6399923599039512,0.5652173913043478,0.17198242777908784,0.00034396485555817567,0.34088789735598,-0.34088789735598,0.04509748322137691,991.0544401485365,990.7135522511805
361,kelly,0.46659829004573694,0.4,0.11099715007622821,0.00022199430015245643,0.21993276168355488,0.3298991425253323,0.03661786463290333,990.7135522511805,991.0434513937058
362,none,0.5281466095936389,0.5575221238938053,0.0,0.0,0.0,0.0,0.0,991.0434513937058,991.0434513937058
363,none,0.5578574686874863,0.5708154506437768,0.0,0.0,0.0,0.0,0.0,991.0434513937058,991.0434513937058
364,none,0.24247921539041956,0.3703703703703703,0.0,0.0,0.0,0.0,0.0,991.0434513937058,991.0434513937058
365,kelly,0.688613070295512,0.6,0.22153267573878005,0.0004430653514775601,0.4390970151212865,0.29273134341419105,0.06484955777915344,991.0434513937058,991.33618273712
366,kelly,0.6466175546512176,0.4878048780487805,0.31006284479523444,0.0006201256895904688,0.6147530339358396,-0.6147530339358396,0.20014267827608018,991.33618273712,990.7214297031842
367,kelly,0.6495859656534716,0.5652173913043478,0.19404772100298476,0.0003880954420059695,0.38449447116544333,0.29576497781957184,0.05739251989838626,990.7214297031842,991.0171946810037
368,kelly,0.7046358232754026,0.5515695067264574,0.3413378859041478,0.0006826757718082957,0.6765434282541463,-0.6765434282541463,0.1877478890427763,991.0171946810037,990.3406512527496
369,kelly,0.7768501021686554,0.5454545454545454,0.5090702247710418,0.0010181404495420835,1.0083058758662742,-1.0083058758662742,0.4277487490543387,990.3406512527496,989.3323453768833
370,none,0.31198499189591167,0.4,0.0,0.0,0.0,0.0,0.0,989.3323453768833,989.3323453768833
371,none,0.53561430190922,0.6551724137931034,0.0,0.0,0.0,0.0,0.0,989.3323453768833,989.3323453768833
372,kelly,0.6441887807054111,0.4291845493562232,0.37666154815308855,0.0007533230963061771,0.7452869056951659,-0.7452869056951659,0.3733588232240969,989.3323453768833,988.5870584711881
373,none,0.5754437589037518,0.6666666666666666,0.0,0.0,0.0,0.0,0.0,988.5870584711881,988.5870584711881
374,kelly,0.5399816590327068,0.4405286343612334,0.17776249291672797,0.00035552498583345596,0.35146739995810705,0.44636359794679614,0.07934670591830259,988.5870584711881,989.0334220691349
375,kelly,0.5079436204684495,0.4444444444444444,0.11429851684320921,0.00022859703368641843,0.22609010650173172,0.28261263312716467,0.03230220480758893,989.0334220691349,989.3160347022621
376,none,0.5912805986250024,0.6774193548387096,0.0,0.0,0.0,0.0,0.0,989.3160347022621,989.3160347022621
377,none,0.42436640238307277,0.5192307692307693,0.0,0.0,0.0,0.0,0.0,989.3160347022621,989.3160347022621
378,none,0.4528582258052344,0.6153846153846154,0.0,0.0,0.0,0.0,0.0,989.3160347022621,989.3160347022621
379,none,0.3768600966620145,0.6153846153846154,0.0,0.0,0.0,0.0,0.0,989.3160347022621,989.3160347022621
380,kelly,0.6467132695287041,0.5555555555555556,0.2051048564395842,0.00041020971287916843,0.4058270465419724,0.3246616372335778,0.06658967849623332,989.3160347022621,989.6406963394957
381,kelly,0.5318225227527937,0.4651162790697674,0.12471167297261447,0.0002494233459452289,0.24683949376456327,-0.24683949376456327,0.03540133115655571,989.6406963394957,989.3938568457311
382,kelly,0.5833222672925674,0.4878048780487805,0.18648633138072687,0.00037297266276145374,0.3690168613075769,-0.3690168613075769,0.07225743071702459,989.3938568457311,989.0248399844235
383,none,0.4643340857074702,0.4694835680751174,0.0,0.0,0.0,0.0,0.0,989.0248399844235,989.0248399844235
384,kelly,0.7130762094274432,0.390625,0.5291507026501632,0.0010583014053003263,1.0466863780324456,-1.0466863780324456,0.864013538528748,989.0248399844235,987.9781536063911
385,none,0.5527972687753296,0.6389891696750902,0.0,0.0,0.0,0.0,0.0,987.9781536063911,987.9781536063911
386,kelly,0.5773743819109121,0.4347826086956521,0.2522777526116137,0.0005045555052232275,0.49848981644238405,-0.49848981644238405,0.16348525776941872,987.9781536063911,987.4796637899486
387,kelly,0.7376084308321739,0.6226415094339622,0.3046623417052608,0.0006093246834105216,0.6016957335131388,0.3646640809170539,0.11109941282798635,987.4796637899486,987.8443278708656
388,none,0.4025392134911327,0.5348837209302325,0.0,0.0,0.0,0.0,0.0,987.8443278708656,987.8443278708656
389,kelly,0.6563447318044355,0.5833333333333334,0.1752273563306452,0.00035045471266129043,0.3461947000780698,0.24728192862719267,0.04333055862168628,987.8443278708656,988.0916097994929
390,none,0.20264590608797795,0.4878048780487805,0.0,0.0,0.0,0.0,0.0,988.0916097994929,988.0916097994929
391,kelly,0.5262918366011424,0.5,0.05258367320228485,0.0001051673464045697,0.10391497260723219,-0.10391497260723219,0.005464230960403077,988.0916097994929,987.9876948268857
392,kelly,0.6669479667896467,0.5555555555555556,0.2506329252767051,0.0005012658505534102,0.4952444921837019,0.39619559374696145,0.09929966064254198,987.9876948268857,988.3838904206326
393,kelly,0.3039230110844161,0.2941176470588235,0.013890932369589546,2.7781864739179094e-05,0.027459147554049625,-0.027459147554049625,0.0009154395878397184,988.3838904206326,988.3564312730786
394,none,0.3709942808753598,0.5121951219512195,0.0,0.0,0.0,0.0,0.0,988.3564312730786,988.3564312730786
395,none,0.5605536507697446,0.6363636363636364,0.0,0.0,0.0,0.0,0.0,988.3564312730786,988.3564312730786
396,none,0.4304909788921418,0.5918367346938775,0.0,0.0,0.0,0.0,0.0,988.3564312730786,988.3564312730786
397,kelly,0.7007562118735836,0.6197718631178707,0.21298883722752496,0.00042597767445504993,0.4210177741263984,0.2582931129609806,0.055013549793437005,988.3564312730786,988.6147243860395
398,kelly,0.8012912928623765,0.6153846153846154,0.483357361442179,0.000966714722884358,0.955708409324246,0.5973177558276538,0.2887179343994185,988.6147243860395,989.2120421418672
399,kelly,0.6250998801291681,0.5121951219512195,0.2314547542647945,0.000462909508529589,0.4579156602594428,-0.4579156602594428,0.10093976820890518,989.2120421418672,988.7541264816077
400,none,0.578883031617438,0.75,0.0,0.0,0.0,0.0,0.0,988.7541264816077,988.7541264816077
401,kelly,0.5083233578041534,0.4444444444444444,0.11498204404747614,0.0002299640880949523,0.22737794104646405,-0.22737794104646405,0.03268047554103619,988.7541264816077,988.5267485405612
402,none,0.2763395599462779,0.4201680672268907,0.0,0.0,0.0,0.0,0.0,988.5267485405612,988.5267485405612
403,none,0.360929006426132,0.4878048780487805,0.0,0.0,0.0,0.0,0.0,988.5267485405612,988.5267485405612
404,none,0.3251621546297576,0.7222222222222222,0.0,0.0,0.0,0.0,0.0,988.5267485405612,988.5267485405612
405,kelly,0.7436770343983109,0.6363636363636364,0.295111844595355,0.00059022368919071,0.5834519043873073,0.3334010882213185,0.09839061013509198,988.5267485405612,988.8601496287826
406,kelly,0.5176097722925902,0.4629629629629629,0.10175612771723701,0.00020351225543447401,0.201245159360225,-0.201245159360225,0.023754396640468314,988.8601496287826,988.6589044694223
407,kelly,0.7171473895880525,0.5348837209302325,0.3918668876143129,0.0007837337752286258,0.7748453756132175,-0.7748453756132175,0.26403151802077807,988.6589044694223,987.884059093809
408,kelly,0.5983968416025169,0.5555555555555556,0.09639289360566305,0.0001927857872113261,0.19045000600592016,-0.19045000600592016,0.014686421732901217,987.884059093809,987.6936090878031
409,none,0.38092955550023055,0.5555555555555556,0.0,0.0,0.0,0.0,0.0,987.6936090878031,987.6936090878031
410,kelly,0.9004048023595715,0.7701149425287356,0.5667608902641363,0.0011335217805282726,1.1195722183896022,0.3342006622058516,0.1894118648386524,987.6936090878031,988.0278097500089
411,none,0.4082198476913803,0.4878048780487805,0.0,0.0,0.0,0.0,0.0,988.0278097500089,988.0278097500089
412,kelly,0.7614394191548582,0.5652173913043478,0.45131066405617404,0.0009026213281123481,0.8918149738484875,-0.8918149738484875,0.3096043138944619,988.0278097500089,987.1359947761605
413,kelly,0.8384405598502435,0.7142857142857143,0.43454195947585206,0.0008690839189517041,0.8579040188783544,0.3431616075513417,0.14911811736224334,987.1359947761605,987.4791563837118
414,none,0.5636604126202107,0.6666666666666666,0.0,0.0,0.0,0.0,0.0,987.4791563837118,987.4791563837118
415,kelly,0.5792000204521077,0.4651162790697674,0.21328699475828844,0.0004265739895165769,0.42123292330306367,-0.42123292330306367,0.10332002995024298,987.4791563837118,987.0579234604088
416,none,0.550529207205948,0.6666666666666666,0.0,0.0,0.0,0.0,0.0,987.0579234604088,987.0579234604088
417,kelly,0.6632305651454224,0.495049504950495,0.3330644525428956,0.0006661289050857911,0.6575078138109367,-0.6575078138109367,0.2233723296506082,987.0579234604088,986.4004156465978
418,kelly,0.591050333111061,0.5305164319248826,0.12893720952656001,0.00025787441905312,0.2543674341386225,-0.2543674341386225,0.029024271816163752,986.4004156465978,986.1460482124592
419,none,0.4450981362463423,0.5238095238095238,0.0,0.0,0.0,0.0,0.0,986.1460482124592,986.1460482124592
420,none,0.62419025013359,0.6491228070175439,0.0,0.0,0.0,0.0,0.0,986.1460482124592,986.1460482124592
421,kelly,0.7152968014253843,0.5348837209302325,0.3878881230645764,0.0007757762461291528,0.7650286794173601,-0.7650286794173601,0.25803959873893156,986.1460482124592,985.3810195330418
422,kelly,0.47886931801485905,0.4444444444444444,0.06196477242674633,0.00012392954485349264,0.12211782125800041,0.15264727657250052,0.009458753754377602,985.3810195330418,985.5336668096143
423,none,0.4346787923038028,0.5575221238938053,0.0,0.0,0.0,0.0,0.0,985.5336668096143,985.5336668096143
424,none,0.5505892217576412,0.5652173913043478,0.0,0.0,0.0,0.0,0.0,985.5336668096143,985.5336668096143
425,none,0.3087179330885866,0.3846153846153846,0.0,0.0,0.0,0.0,0.0,985.5336668096143,985.5336668096143
426,none,0.4246932634740088,0.5614035087719298,0.0,0.0,0.0,0.0,0.0,985.5336668096143,985.5336668096143
427,none,0.557657115150721,0.6153846153846154,0.0,0.0,0.0,0.0,0.0,985.5336668096143,985.5336668096143
428,kelly,0.6964892973425341,0.5833333333333334,0.2715743136220817,0.0005431486272441633,0.5352912582305486,-0.5352912582305486,0.10383668288704404,985.5336668096143,984.9983755513837
429,kelly,0.7500243881620917,0.6491228070175439,0.28756950626196137,0.0005751390125239228,0.5665109930522908,0.3062221584066437,0.0880601548994707,984.9983755513837,985.3045977097903
430,none,0.5133447762898427,0.6078431372549019,0.0,0.0,0.0,0.0,0.0,985.3045977097903,985.3045977097903
431,none,0.6046019696798106,0.6226415094339622,0.0,0.0,0.0,0.0,0.0,985.3045977097903,985.3045977097903
432,kelly,0.5651889704204097,0.5121951219512195,0.1086373893618399,0.00021727477872367983,0.21408183844281906,-0.21408183844281906,0.022149801941153388,985.3045977097903,985.0905158713475
433,none,0.5885732481963131,0.75,0.0,0.0,0.0,0.0,0.0,985.0905158713475,985.0905158713475
434,none,0.6032952540893637,0.6153846153846154,0.0,0.0,0.0,0.0,0.0,985.0905158713475,985.0905158713475
435,kelly,0.7499668550110399,0.5652173913043478,0.42492376652539177,0.0008498475330507836,0.8371767447449885,-0.8371767447449885,0.27364330432654393,985.0905158713475,984.2533391266026
436,none,0.42766135084768797,0.5238095238095238,0.0,0.0,0.0,0.0,0.0,984.2533391266026,984.2533391266026
437,none,0.4278271028953864,0.6153846153846154,0.0,0.0,0.0,0.0,0.0,984.2533391266026,984.2533391266026
438,kelly,0.571109280513335,0.5454545454545454,0.05644041712933705,0.0001128808342586741,0.11110333804249657,0.09258611503541382,0.005225598952983537,984.2533391266026,984.3459252416379
439,kelly,0.699407729088884,0.5238095238095238,0.36875623108665645,0.0007375124621733129,0.7259673869552282,0.6599703517774801,0.24336817955039838,984.3459252416379,985.0058955934154
440,none,0.3912740817763859,0.4347826086956521,0.0,0.0,0.0,0.0,0.0,985.0058955934154,985.0058955934154
441,none,0.48551189852151755,0.574468085106383,0.0,0.0,0.0,0.0,0.0,985.0058955934154,985.0058955934154
442,kelly,0.652149818100646,0.5238095238095238,0.2695146180113565,0.000539029236022713,0.5309469753795869,-0.5309469753795869,0.130089064776104,985.0058955934154,984.4749486180358
443,kelly,0.7885316681100762,0.5901639344262295,0.48401727018858604,0.000968034540377172,0.9530057543983004,-0.9530057543983004,0.3203272525818607,984.4749486180358,983.5219428636375
444,none,0.5972453944796121,0.6363636363636364,0.0,0.0,0.0,0.0,0.0,983.5219428636375,983.5219428636375
445,kelly,0.553974033920561,0.5454545454545454,0.018742874625234274,3.748574925046855e-05,0.036868056932519974,0.030723380777099983,0.0005758444739685162,983.5219428636375,983.5526662444146
446,kelly,0.5775421288397121,0.5555555555555556,0.04946978988935222,9.893957977870444e-05,0.09731228748844671,-0.09731228748844671,0.0038512147325645563,983.5526662444146,983.4553539569262
447,kelly,0.6795647847292218,0.6296296296296297,0.13482491876889874,0.0002696498375377975,0.26518857642016225,0.15599328024715423,0.02103178133781662,983.4553539569262,983.6113472371733
448,none,0.25421694809186846,0.5348837209302325,0.0,0.0,0.0,0.0,0.0,983.6113472371733,983.6113472371733
449,kelly,0.7780080632006732,0.6,0.445020158001683,0.000890040316003366,0.8754537543194703,0.5836358362129802,0.25972971204694484,983.6113472371733,984.1949830733863
450,none,0.3371949911474996,0.6666666666666666,0.0,0.0,0.0,0.0,0.0,984.1949830733863,984.1949830733863
451,kelly,0.5940199926624881,0.3968253968253968,0.32692788257201966,0.0006538557651440393,0.6435215637083739,0.9781527768367283,0.31978541616317285,984.1949830733863,985.173135850223
452,kelly,0.6176470876710095,0.4081632653061224,0.35395542399584373,0.0007079108479916875,0.6974147500183613,1.011251387526624,0.3579379136383714,985.173135850223,986.1843872377497
453,none,0.5071783461910319,0.5555555555555556,0.0,0.0,0.0,0.0,0.0,986.1843872377497,986.1843872377497
454,none,0.24724450726619107,0.4166666666666667,0.0,0.0,0.0,0.0,0.0,986.1843872377497,986.1843872377497
455,none,0.6016911669614755,0.6138996138996139,0.0,0.0,0.0,0.0,0.0,986.1843872377497,986.1843872377497
456,none,0.43907822364511284,0.6453900709219859,0.0,0.0,0.0,0.0,0.0,986.1843872377497,986.1843872377497
457,none,0.5600615578998397,0.6078431372549019,0.0,0.0,0.0,0.0,0.0,986.1843872377497,986.1843872377497
458,kelly,0.6856600279690385,0.6,0.21415006992259622,0.00042830013984519245,0.4223829109670736,0.2815886073113824,0.06030221994513904,986.1843872377497,986.465975845061
459,kelly,0.6275820246625134,0.5555555555555556,0.1620595554906552,0.0003241191109813104,0.319732475104212,0.25578598008336956,0.04145256223305244,986.465975845061,986.7217618251444
460,kelly,0.36799128856645147,0.3448275862068966,0.03535512465405747,7.071024930811494e-05,0.06977134177639838,-0.06977134177639838,0.004686871522992284,986.7217618251444,986.6519904833681
461,kelly,0.8854573287817435,0.7101449275362319,0.6048277842970152,0.0012096555685940304,1.1935090745525905,-1.1935090745525905,0.29463977514286716,986.6519904833681,985.4584814088155
462,none,0.3577492614192552,0.5121951219512195,0.0,0.0,0.0,0.0,0.0,985.4584814088155,985.4584814088155
463,none,0.47815305613743947,0.4878048780487805,0.0,0.0,0.0,0.0,0.0,985.4584814088155,985.4584814088155
464,kelly,0.6014861262375457,0.5,0.20297225247509143,0.0004059445049501829,0.4000414553844606,-0.4000414553844606,0.08119731528279778,985.4584814088155,985.058439953431
465,kelly,0.36960270206984563,0.3508771929824561,0.028847405891383845,5.769481178276769e-05,0.05683276128813997,0.10514060838305896,0.0030330338056931347,985.058439953431,985.1635805618141
466,kelly,0.6144545658911256,0.5145631067961165,0.20577640573571868,0.0004115528114714374,0.4054468413394825,-0.4054468413394825,0.07870886200730084,985.1635805618141,984.7581337204747
467,none,0.5440719084422805,0.6183206106870229,0.0,0.0,0.0,0.0,0.0,984.7581337204747,984.7581337204747
468,kelly,0.7503655960638365,0.574468085106383,0.4133591507500156,0.0008267183015000313,0.8141175716977315,0.6030500531094305,0.24927625781306598,984.7581337204747,985.3611837735841
469,kelly,0.6135425091501993,0.5238095238095238,0.1884392692154184,0.0003768785384308368,0.37136148276706754,0.33760134797006136,0.06361735129761853,985.3611837735841,985.6987851215541
470,kelly,0.7344277635509293,0.5555555555555556,0.4024624679895909,0.0008049249359791818,0.7934135315087242,-0.7934135315087242,0.25545533442187046,985.6987851215541,984.9053715900454
471,none,0.44387637273970443,0.5,0.0,0.0,0.0,0.0,0.0,984.9053715900454,984.9053715900454
472,kelly,0.7083832925571723,0.5238095238095238,0.38760491437006167,0.0007752098287401233,0.7635083244355466,0.6940984767595877,0.2690359806487902,984.9053715900454,985.599470066805
473,none,0.5895210677536297,0.6491228070175439,0.0,0.0,0.0,0.0,0.0,985.599470066805,985.599470066805
474,kelly,0.709343674481097,0.6226415094339622,0.22976073737490718,0.0004595214747498144,0.4529041219977338,-0.4529041219977338,0.06306641516989955,985.599470066805,985.1465659448072
475,kelly,0.6492596593952159,0.5833333333333334,0.1582231825485181,0.0003164463650970362,0.3117460498810619,0.22267574991504419,0.03523246582793621,985.1465659448072,985.3692416947223
476,kelly,0.4897566004280952,0.3952569169960474,0.1562641824072424,0.00031252836481448484,0.3079558378453405,0.471172431903371,0.07362737484421239,985.3692416947223,985.8404141266257
477,none,0.5532162779999628,0.6153846153846154,0.0,0.0,0.0,0.0,0.0,985.8404141266257,985.8404141266257
478,kelly,0.6655401791694484,0.5,0.3310803583388968,0.0006621607166777937,0.6527847951480193,-0.6527847951480193,0.21612422389578959,985.8404141266257,985.1876293314776
479,none,0.40048823252572086,0.4761904761904761,0.0,0.0,0.0,0.0,0.0,985.1876293314776,985.1876293314776
480,kelly,0.5644999580014837,0.4761904761904761,0.16859082891192348,0.00033718165782384697,0.33218719812553327,0.36540591793808674,0.061604086594504365,985.1876293314776,985.5530352494158
481,none,0.44148536722958487,0.6212121212121212,0.0,0.0,0.0,0.0,0.0,985.5530352494158,985.5530352494158
482,none,0.46130953813525294,0.5555555555555556,0.0,0.0,0.0,0.0,0.0,985.5530352494158,985.5530352494158
483,kelly,0.5386554084651526,0.4761904761904761,0.11925123434256416,0.0002385024686851283,0.23505683192710694,0.25856251511981776,0.030833899082756203,985.5530352494158,985.8115977645356
484,kelly,0.724516808427552,0.574468085106383,0.352614499804747,0.000705228999609494,0.6952229268949204,-0.6952229268949204,0.18158939601469953,985.8115977645356,985.1163748376407
485,none,0.26939724318050773,0.3448275862068966,0.0,0.0,0.0,0.0,0.0,985.1163748376407,985.1163748376407
486,kelly,0.7574999701609253,0.6363636363636364,0.33312491794254456,0.0006662498358850892,0.6563336230632921,-0.6563336230632921,0.12493776247193839,985.1163748376407,984.4600412145774
487,none,0.3077216232948625,0.3636363636363636,0.0,0.0,0.0,0.0,0.0,984.4600412145774,984.4600412145774
488,kelly,0.8505170329095122,0.6124031007751938,0.6143339449065415,0.001228667889813083,1.2095744414444154,-1.2095744414444154,0.4703054672599204,984.4600412145774,983.250466773133
489,kelly,0.5858440678895718,0.5121951219512195,0.1509803391736221,0.0003019606783472442,0.2969029779320597,-0.2969029779320597,0.04269191648556267,983.250466773133,982.9535637952009
490,kelly,0.9063955305187933,0.6153846153846154,0.7566283793488625,0.001513256758697725,1.4874611238991031,0.9296632024369395,0.7034095622001351,982.9535637952009,983.8832269976378
491,none,0.5732250616460968,0.6428571428571429,0.0,0.0,0.0,0.0,0.0,983.8832269976378,983.8832269976378
492,none,0.3577730797478085,0.4424778761061947,0.0,0.0,0.0,0.0,0.0,983.8832269976378,983.8832269976378
493,kelly,0.675460636245123,0.6153846153846154,0.15619765423731968,0.00031239530847463937,0.3073605042009507,0.19210031512559417,0.030005618600867714,983.8832269976378,984.0753273127634
494,none,0.4631050198918809,0.5,0.0,0.0,0.0,0.0,0.0,984.0753273127634,984.0753273127634
495,kelly,0.5604348435869961,0.4166666666666667,0.24645973186342193,0.0004929194637268439,0.48506988260582573,0.679097835648156,0.16737027048287473,984.0753273127634,984.7544251484115
496,none,0.3811354683721665,0.574468085106383,0.0,0.0,0.0,0.0,0.0,984.7544251484115,984.7544251484115
497,kelly,0.799093262797871,0.6,0.49773315699467746,0.0009954663139893549,0.9802898577871954,-0.9802898577871954,0.3252818437908561,984.7544251484115,983.7741352906244
498,kelly,0.7022489977363735,0.5454545454545454,0.34494779502002176,0.0006898955900400436,0.6787014375324589,-0.6787014375324589,0.19509713696145065,983.7741352906244,983.0954338530919
499,none,0.5865450929031075,0.6226415094339622,0.0,0.0,0.0,0.0,0.0,983.0954338530919,983.0954338530919
500,none,0.40924230172811216,0.4651162790697674,0.0,0.0,0.0,0.0,0.0,983.0954338530919,983.0954338530919
501,none,0.5815725182790474,0.6,0.0,0.0,0.0,0.0,0.0,983.0954338530919,983.0954338530919
502,kelly,0.7544440184347955,0.6363636363636364,0.3247210506956876,0.0006494421013913752,0.6384635644298177,0.36483632253132436,0.1184700339843224,983.0954338530919,983.4602701756232
503,none,0.42977173410252784,0.4444444444444444,0.0,0.0,0.0,0.0,0.0,983.4602701756232,983.4602701756232
504,none,0.37799431407925743,0.5652173913043478,0.0,0.0,0.0,0.0,0.0,983.4602701756232,983.4602701756232
505,none,0.37118345012814313,0.4761904761904761,0.0,0.0,0.0,0.0,0.0,983.4602701756232,983.4602701756232
506,kelly,0.5690386496986796,0.4651162790697674,0.19428964943666188,0.0003885792988733238,0.3821523022546133,0.4394751475928054,0.08538547236193142,983.4602701756232,983.899745323216
507,kelly,0.7733616611583658,0.5833333333333334,0.45606798678007787,0.0009121359735601558,0.897450352085981,-0.897450352085981,0.29235598236494664,983.899745323216,983.00229497113
508,none,0.6550619514307456,0.7142857142857143,0.0,0.0,0.0,0.0,0.0,983.00229497113,983.00229497113
509,none,0.4257721018414137,0.5348837209302325,0.0,0.0,0.0,0.0,0.0,983.00229497113,983.00229497113
510,kelly,0.6054759950118918,0.5555555555555556,0.11232098877675639,0.00022464197755351278,0.22082357948195613,0.17665886358556487,0.01984249823410876,983.00229497113,983.1789538347156
511,none,0.6728721583451117,0.696969696969697,0.0,0.0,0.0,0.0,0.0,983.1789538347156,983.1789538347156
512,none,0.53430417709457,0.6774193548387096,0.0,0.0,0.0,0.0,0.0,983.1789538347156,983.1789538347156
513,none,0.2843828094059609,0.4926108374384236,0.0,0.0,0.0,0.0,0.0,983.1789538347156,983.1789538347156
514,kelly,0.5138825775713013,0.4464285714285714,0.12185239819331851,0.00024370479638663703,0.23960542675591617,0.2971107291773361,0.03620365487922399,983.1789538347156,983.4760645638929
515,kelly,0.6130188094272586,0.5121951219512195,0.20668855932588015,0.00041337711865176033,0.40654650183239466,-0.40654650183239466,0.0800271531073466,983.4760645638929,983.0695180620605
516,none,0.5378363025490651,0.574468085106383,0.0,0.0,0.0,0.0,0.0,983.0695180620605,983.0695180620605
517,kelly,0.5355072796734,0.5238095238095238,0.02456528731413984,4.9130574628279684e-05,0.04829877032193501,-0.04829877032193501,0.0010786119726163487,983.0695180620605,983.0212192917386
518,kelly,0.6809222214028978,0.6078431372549019,0.18635166457738955,0.0003727033291547791,0.36637528105982115,-0.36637528105982115,0.04404815708742363,983.0212192917386,982.6548440106787
519,kelly,0.498774869218507,0.4347826086956521,0.11321707630966633,0.00022643415261933267,0.22250661692084056,-0.22250661692084056,0.032749013215532266,982.6548440106787,982.4323373937578
520,none,0.2103465161348429,0.3703703703703703,0.0,0.0,0.0,0.0,0.0,982.4323373937578,982.4323373937578
521,none,0.5163546822565427,0.5918367346938775,0.0,0.0,0.0,0.0,0.0,982.4323373937578,982.4323373937578
522,kelly,0.7884252943272106,0.574468085106383,0.502799441668945,0.00100559888333789,0.987932861438196,-0.987932861438196,0.36794969713890957,982.4323373937578,981.4444045323197
523,kelly,0.658006018974078,0.5454545454545454,0.24761324174297156,0.0004952264834859431,0.4860372611934961,-0.4860372611934961,0.10029105154333084,981.4444045323197,980.9583672711262
524,none,0.48538558827940537,0.6153846153846154,0.0,0.0,0.0,0.0,0.0,980.9583672711262,980.9583672711262
525,none,0.5304939426180986,0.6153846153846154,0.0,0.0,0.0,0.0,0.0,980.9583672711262,980.9583672711262
526,none,0.26268031565078714,0.6453900709219859,0.0,0.0,0.0,0.0,0.0,980.9583672711262,980.9583672711262
527,kelly,0.5023906746673794,0.5,0.004781349334758822,9.562698669517644e-06,0.0093806092735558,-0.0093806092735558,4.485196990974827e-05,980.9583672711262,980.9489866618527
528,kelly,0.7189269177952476,0.6268656716417911,0.2467241396912636,0.0004934482793825273,0.4840475896303249,0.28812356525614574,0.0710870387626022,980.9489866618527,981.2371102271088
529,none,0.705968362047791,0.7142857142857143,0.0,0.0,0.0,0.0,0.0,981.2371102271088,981.2371102271088
530,kelly,0.5651269398005032,0.5555555555555556,0.021535614551132176,4.3071229102264356e-05,0.04226308837823563,0.033810470702588497,0.0007281292648432906,981.2371102271088,981.2709206978114
531,kelly,0.5724098454020311,0.5454545454545454,0.05930165988446851,0.00011860331976893703,0.11638198878748178,0.09698499065623484,0.0057513709297944,981.2709206978114,981.3679056884677
532,none,0.6852705618517092,0.6923076923076923,0.0,0.0,0.0,0.0,0.0,981.3679056884677,981.3679056884677
533,kelly,0.748959505160411,0.5454545454545454,0.4477109113529042,0.0008954218227058084,0.8787382388565496,0.7322818657137914,0.3278505814659265,981.3679056884677,982.1001875541815
534,kelly,0.6564547534116205,0.4830917874396135,0.33538442949724717,0.0006707688589944943,0.6587622222239972,-0.6587622222239972,0.2364042935201796,982.1001875541815,981.4414253319575
535,none,0.4858389158348895,0.495049504950495,0.0,0.0,0.0,0.0,0.0,981.4414253319575,981.4414253319575
536,none,0.314636861577191,0.5238095238095238,0.0,0.0,0.0,0.0,0.0,981.4414253319575,981.4414253319575
537,kelly,0.5290238770156945,0.4761904761904761,0.1008637652117806,0.0002017275304235612,0.19798375498759574,0.21778213048635542,0.021966325676697138,981.4414253319575,981.6592074624439
538,none,0.5505968258825186,0.6153846153846154,0.0,0.0,0.0,0.0,0.0,981.6592074624439,981.6592074624439
539,none,0.5982370167390311,0.6428571428571429,0.0,0.0,0.0,0.0,0.0,981.6592074624439,981.6592074624439
540,kelly,0.7799006735862899,0.6363636363636364,0.3947268523622972,0.0007894537047245944,0.7749744981082355,-0.7749744981082355,0.17480185388532274,981.6592074624439,980.8842329643356
541,none,0.4296512190078755,0.4444444444444444,0.0,0.0,0.0,0.0,0.0,980.8842329643356,980.8842329643356
542,none,0.5835802460609893,0.7222222222222222,0.0,0.0,0.0,0.0,0.0,980.8842329643356,980.8842329643356
543,kelly,0.4828727956914993,0.4166666666666667,0.11349622118542739,0.0002269924423708548,0.22265330772363706,-0.22265330772363706,0.03537843268549651,980.8842329643356,980.661579656612
544,kelly,0.5694583920755636,0.5238095238095238,0.0958626233586835,0.00019172524671736698,0.1880175833059068,-0.1880175833059068,0.016385326157512772,980.661579656612,980.4735620733062
545,kelly,0.6550251495007323,0.6,0.13756287375183085,0.0002751257475036617,0.2697535216729962,0.17983568111533083,0.024738713097342782,980.4735620733062,980.6533977544216
546,kelly,0.5269680737636303,0.4166666666666667,0.18908812645193765,0.0003781762529038753,0.3708598273602207,0.519203758304309,0.0981752659045664,980.6533977544216,981.1726015127259
547,kelly,0.535094888093198,0.5,0.0701897761863961,0.00014037955237279222,0.1377365706008045,0.1377365706008045,0.009667699063152208,981.1726015127259,981.3103380833268
548,none,0.410045054040792,0.504950495049505,0.0,0.0,0.0,0.0,0.0,981.3103380833268,981.3103380833268
549,kelly,0.6016786028693033,0.5238095238095238,0.1635250660255369,0.0003270501320510738,0.3209376756532359,0.2917615233211235,0.047710322364797914,981.3103380833268,981.6020996066479
550,kelly,0.6695235076977577,0.6666666666666666,0.008570523093273217,1.7141046186546437e-05,0.01682568692616851,0.008412843463084255,7.210246918045501e-05,981.6020996066479,981.6105124501111
551,none,0.7289288163406258,0.7368421052631579,0.0,0.0,0.0,0.0,0.0,981.6105124501111,981.6105124501111
552,none,0.5163085918757937,0.6666666666666666,0.0,0.0,0.0,0.0,0.0,981.6105124501111,981.6105124501111
553,kelly,0.5728883377907111,0.495049504950495,0.15415141405611432,0.00030830282811222863,0.30263329709306325,-0.30263329709306325,0.04758437770110707,981.6105124501111,981.307879153018
554,kelly,0.3956664751801757,0.392156862745098,0.00577387852222468,1.154775704444936e-05,0.011331904974262926,-0.011331904974262926,0.00010141501625752017,981.307879153018,981.2965472480438
555,kelly,0.5245775262829135,0.5,0.049155052565827084,9.831010513165417e-05,0.09647136672528443,-0.09647136672528443,0.004742055102478535,981.2965472480438,981.2000758813185
556,kelly,0.7293417121635658,0.6,0.32335428040891456,0.0006467085608178291,0.6345504889475522,-0.6345504889475522,0.13678974449117373,981.2000758813185,980.565525392371
557,kelly,0.7882178687395375,0.6428571428571429,0.40701003247070483,0.0008140200649414097,0.7982000126592054,0.44344445147733613,0.18048634059474447,980.565525392371,981.0089698438484
558,kelly,0.5411236981448024,0.4761904761904761,0.1239634237309866,0.0002479268474619732,0.24321846122530325,-0.24321846122530325,0.0331652124848779,981.0089698438484,980.7657513826231
559,kelly,0.4534010304220143,0.4444444444444444,0.016121854759625773,3.224370951925155e-05,0.03162352599401178,-0.03162352599401178,0.0006372873663283846,980.7657513826231,980.734127856629
560,none,0.5100711574536942,0.5192307692307693,0.0,0.0,0.0,0.0,0.0,980.734127856629,980.734127856629
561,kelly,0.7760328791844584,0.696969696969697,0.2609085013087126,0.0005218170026174253,0.511763742962761,0.22250597520120038,0.05805370052197878,980.734127856629,980.9566338318302
562,kelly,0.603034390701057,0.5370370370370371,0.14255428391428307,0.00028510856782856613,0.27967914097372426,0.24110270773596912,0.03437022385109574,980.9566338318302,981.1977365395662
563,kelly,0.6898368333529014,0.6428571428571429,0.13154313338812368,0.00026308626677624736,0.2581396494754984,0.14341091637527684,0.01886472130206608,981.1977365395662,981.3411474559415
564,kelly,0.4824309265760086,0.4098360655737705,0.12300795892045902,0.00024601591784091805,0.24142554310643316,-0.24142554310643316,0.042764059135851296,981.3411474559415,981.0997219128351
565,kelly,0.6264776944774392,0.5348837209302325,0.1969270431264943,0.00039385408625298865,0.3864101344970409,-0.3864101344970409,0.06616922193096803,981.0997219128351,980.713311778338
566,kelly,0.672040958851237,0.6666666666666666,0.016122876553711248,3.2245753107422494e-05,0.03162383932076695,0.015811919660383474,0.00025493362876156077,980.713311778338,980.7291236979984
567,none,0.5449281407651043,0.6,0.0,0.0,0.0,0.0,0.0,980.7291236979984,980.7291236979984
568,kelly,0.6079617286619912,0.5833333333333334,0.05910814878877871,0.00011821629757755742,0.1159381659300597,0.08281297566432835,0.004894921687208634,980.7291236979984,980.8119366736627
569,kelly,0.48740486932686977,0.4310344827586206,0.09907522487752882,0.00019815044975505765,0.19434832637701538,-0.19434832637701538,0.02541673746529388,980.8119366736627,980.6175883472856
570,none,0.48361324076832823,0.6323529411764706,0.0,0.0,0.0,0.0,0.0,980.6175883472856,980.6175883472856
571,kelly,0.5831750056650719,0.5555555555555556,0.06214376274641162,0.00012428752549282324,0.12187853351042412,0.09750282680833927,0.006059192536281892,980.6175883472856,980.7150911740939
572,kelly,0.4573994332127307,0.4444444444444444,0.02331897978291528,4.663795956583056e-05,0.04573855076777723,-0.04573855076777723,0.0013332204258170513,980.7150911740939,980.6693526233262
573,kelly,0.7185695181859448,0.6551724137931034,0.18385160273924006,0.00036770320547848014,0.360595264474103,0.1897869813021595,0.03489264069144421,980.6693526233262,980.8591396046284
574,kelly,0.6713355342684995,0.5555555555555556,0.2605049521041237,0.0005210099042082475,0.5110373263671915,0.4088298610937531,0.10650220338296368,980.8591396046284,981.2679694657221
575,kelly,0.5601725114204026,0.4926108374384236,0.13315553221691004,0.0002663110644338201,0.2613225174432297,-0.2613225174432297,0.0358404350571285,981.2679694657221,981.0066469482789
576,none,0.5553964567886652,0.574468085106383,0.0,0.0,0.0,0.0,0.0,981.0066469482789,981.0066469482789
577,kelly,0.5816951808467595,0.5652173913043478,0.03789891594754701,7.579783189509402e-05,0.0743581769133555,0.05719859762565809,0.0021677648437323747,981.0066469482789,981.0638455459045
578,none,0.5580515353140201,0.5652173913043478,0.0,0.0,0.0,0.0,0.0,981.0638455459045,981.0638455459045
579,kelly,0.5800411566727769,0.5555555555555556,0.05509260251374795,0.0001101852050274959,0.10809872096653907,0.08647897677323123,0.004764351893163266,981.0638455459045,981.1503245226778
580,none,0.3893382209382503,0.392156862745098,0.0,0.0,0.0,0.0,0.0,981.1503245226778,981.1503245226778
581,kelly,0.469431933688332,0.3389830508474576,0.19734574583619463,0.0003946914916723893,0.3872516851407045,-0.3872516851407045,0.1490238216293103,981.1503245226778,980.7630728375372
582,kelly,0.5544818090209367,0.4166666666666667,0.2362545297501772,0.0004725090595003544,0.46341943713914224,0.648787211994799,0.15327891767775975,980.7630728375372,981.4118600495319
583,none,0.34474759645803543,0.4098360655737705,0.0,0.0,0.0,0.0,0.0,981.4118600495319,981.4118600495319
584,kelly,0.6632255571771413,0.4761904761904761,0.3570669727927243,0.0007141339455854486,0.7008595238615264,-0.7008595238615264,0.2752791673920041,981.4118600495319,980.7110005256704
585,kelly,0.6467653724342266,0.574468085106383,0.16989862522043242,0.00033979725044086485,0.3332429014557324,0.24684659367091277,0.04193889690503476,980.7110005256704,980.9578471193414
586,kelly,0.664859674424759,0.4878048780487805,0.34567841197214855,0.0006913568239442971,0.6781919016076632,-0.6781919016076632,0.24615811453811418,980.9578471193414,980.2796552177338
587,kelly,0.5479221093376413,0.5454545454545454,0.005428640542810936,1.0857281085621873e-05,0.010643171759215432,0.008869309799346194,4.8148294763481446e-05,980.2796552177338,980.2885245275331
588,none,0.4409385230813894,0.5454545454545454,0.0,0.0,0.0,0.0,0.0,980.2885245275331,980.2885245275331
589,kelly,0.784111997930017,0.4545454545454545,0.6042053295383645,0.001208410659076729,1.1845911020096704,1.4215093224116047,0.858883508589561,980.2885245275331,981.7100338499447
590,kelly,0.6391002487447689,0.6226415094339622,0.04361565917363764,8.723131834727528e-05,0.08563586048747891,0.05190052150756299,0.0022636754570079243,981.7100338499447,981.7619343714523
591,none,0.5944784960908656,0.6666666666666666,0.0,0.0,0.0,0.0,0.0,981.7619343714523,981.7619343714523
592,none,0.528719320613238,0.6,0.0,0.0,0.0,0.0,0.0,981.7619343714523,981.7619343714523
593,kelly,0.5945533336122186,0.5348837209302325,0.12828966726627014,0.0002565793345325403,0.2518998237904067,-0.2518998237904067,0.028100995285655114,981.7619343714523,981.5100345476619
594,kelly,0.7492329741109075,0.6078431372549019,0.36054408398281423,0.0007210881679656284,0.7077552726518542,0.4566163049366802,0.16463030739501272,981.5100345476619,981.9666508525986
595,kelly,0.8004611441440939,0.7297297297297297,0.26170623333314735,0.0005234124666662947,0.5139735869067988,0.19036058774325887,0.04981855239337238,981.9666508525986,982.1570114403419
596,kelly,0.7004175468405444,0.574468085106383,0.2959812350752792,0.0005919624701505584,0.581400090567915,0.43066673375401093,0.1274692717623485,982.1570114403419,982.5876781740959
597,none,0.5519094125064664,0.6363636363636364,0.0,0.0,0.0,0.0,0.0,982.5876781740959,982.5876781740959
598,kelly,0.6049792022495122,0.4347826086956521,0.3011170501337524,0.0006022341002675048,0.5917478062991132,0.7692721481888473,0.23164096001268053,982.5876781740959,983.3569503222848
599,none,0.4675513179953755,0.6527777777777778,0.0,0.0,0.0,0.0,0.0,983.3569503222848,983.3569503222848
600,kelly,0.8061087094793025,0.6551724137931034,0.4377152574899772,0.0008754305149799544,0.8608606814297551,0.4530845691735554,0.1983220288605382,983.3569503222848,983.8100348914584
601,kelly,0.660973994181973,0.6108949416342413,0.12870316504767051,0.00025740633009534104,0.25323893059237973,-0.25323893059237973,0.02075965087931632,983.8100348914584,983.556795960866
602,kelly,0.6796252586802498,0.5,0.3592505173604996,0.0007185010347209993,0.706686575604753,-0.706686575604753,0.2538775178977274,983.556795960866,982.8501093852612
603,kelly,0.7499079027066389,0.6923076923076923,0.1872006837965764,0.0003744013675931528,0.36798042509292167,0.16354685559685406,0.030616083200511013,982.8501093852612,983.0136562408582
604,none,0.5049412503954014,0.5121951219512195,0.0,0.0,0.0,0.0,0.0,983.0136562408582,983.0136562408582
605,kelly,0.6479436139663339,0.4545454545454545,0.3545632922716123,0.0007091265845432246,0.6970811166094273,-0.6970811166094273,0.2965912508224924,983.0136562408582,982.3165751242487
606,kelly,0.6850400584216689,0.6226415094339622,0.16535615481742272,0.0003307123096348454,0.32486418335193146,-0.32486418335193146,0.03255654072544098,982.3165751242487,981.9917109408968
607,kelly,0.5425912172323064,0.4545454545454545,0.16141723159256186,0.0003228344631851237,0.3170207668538456,0.38042492022461477,0.061407137451478466,981.9917109408968,982.3721358611215
608,none,0.3203483813406323,0.4587155963302752,0.0,0.0,0.0,0.0,0.0,982.3721358611215,982.3721358611215
609,kelly,0.607967945439992,0.5555555555555556,0.11792787723998194,0.00023585575447996387,0.23169812128361839,-0.23169812128361839,0.021858934082775186,982.3721358611215,982.1404377398378
610,kelly,0.6658219105972178,0.4651162790697674,0.37523226763827694,0.0007504645352765539,0.7370615671847386,-0.7370615671847386,0.31805467573031454,982.1404377398378,981.4033761726531
611,none,0.5806258326498431,0.6153846153846154,0.0,0.0,0.0,0.0,0.0,981.4033761726531,981.4033761726531
612,none,0.31991959716692964,0.4761904761904761,0.0,0.0,0.0,0.0,0.0,981.4033761726531,981.4033761726531
613,none,0.34880987113576045,0.5833333333333334,0.0,0.0,0.0,0.0,0.0,981.4033761726531,981.4033761726531
614,none,0.5444736766139129,0.5689655172413793,0.0,0.0,0.0,0.0,0.0,981.4033761726531,981.4033761726531
615,none,0.6149912552520435,0.6226415094339622,0.0,0.0,0.0,0.0,0.0,981.4033761726531,981.4033761726531
616,kelly,0.7589435002986691,0.6453900709219859,0.32022067084224676,0.0006404413416844936,0.6285312949697057,0.34534686536797005,0.11058720490139842,981.4033761726531,981.7487230380211
617,kelly,0.532761431712673,0.5215311004784688,0.023471392279486646,4.6942784558973295e-05,0.04608601879662097,0.04228075118956053,0.0009923880970415452,981.7487230380211,981.7910037892107
618,kelly,0.66571829694689,0.5555555555555556,0.24786616813050244,0.0004957323362610049,0.4867055480284625,-0.4867055480284625,0.09651027135813695,981.7910037892107,981.3042982411822
619,kelly,0.5305552229599141,0.4065040650406504,0.2090177044393073,0.00041803540887861465,0.4102199435495946,0.5989211175824082,0.12518511713729938,981.3042982411822,981.9032193587647
620,none,0.6581577373722529,0.6655518394648829,0.0,0.0,0.0,0.0,0.0,981.9032193587647,981.9032193587647
621,kelly,0.7311330670252049,0.5918367346938775,0.3412760142117519,0.0006825520284235038,0.6702000340888934,-0.6702000340888934,0.15774013541961235,981.9032193587647,981.2330193246758
622,kelly,0.5820004936712783,0.4761904761904761,0.20200094246334951,0.00040400188492669905,0.39641998935948514,0.43606198829543386,0.08808493260811973,981.2330193246758,981.6690813129712
623,kelly,0.6581192339476746,0.574468085106383,0.19658019977703514,0.0003931603995540703,0.3859534082388849,0.285891413510285,0.05620059118239079,981.6690813129712,981.9549727264815
624,kelly,0.6082411320473777,0.5495495495495496,0.13029531314517848,0.000260590626290357,0.2558882613317242,0.20974447650141323,0.027328722246223167,981.9549727264815,982.164717202983
625,none,0.22098067531090324,0.4347826086956521,0.0,0.0,0.0,0.0,0.0,982.164717202983,982.164717202983
626,kelly,0.4973125959787045,0.3846153846153846,0.1831329684653948,0.00036626593693078963,0.3597334803667146,-0.3597334803667146,0.10540649618551082,982.164717202983,981.8049837226163
627,kelly,0.7500994965167536,0.5121951219512195,0.4877039678593448,0.0009754079357186896,0.9576603724511987,0.9120574975725702,0.4448140604820072,981.8049837226163,982.7170412201889
628,none,0.34220304899195714,0.4081632653061224,0.0,0.0,0.0,0.0,0.0,982.7170412201889,982.7170412201889
629,kelly,0.6367487229413168,0.6062992125984252,0.07734175627094457,0.00015468351254188913,0.15201012377071127,0.09870787257838394,0.007634240222980829,982.7170412201889,982.8157490927673
630,kelly,0.6955519271228605,0.4405286343612334,0.45582903509361683,0.0009116580701872337,0.8959919091675327,-0.8959919091675327,0.5186922918075558,982.8157490927673,981.9197571835998
631,kelly,0.453342549244095,0.4444444444444444,0.016016588639371054,3.203317727874211e-05,0.03145400965536166,-0.03145400965536166,0.0006297324171359135,981.9197571835998,981.8883031739445
632,none,0.272665233563659,0.4065040650406504,0.0,0.0,0.0,0.0,0.0,981.8883031739445,981.8883031739445
633,none,0.3671411800218071,0.4926108374384236,0.0,0.0,0.0,0.0,0.0,981.8883031739445,981.8883031739445
634,none,0.4073455950113133,0.5370370370370371,0.0,0.0,0.0,0.0,0.0,981.8883031739445,981.8883031739445
635,none,0.3251253425612937,0.3703703703703703,0.0,0.0,0.0,0.0,0.0,981.8883031739445,981.8883031739445
636,none,0.41238076639557697,0.6551724137931034,0.0,0.0,0.0,0.0,0.0,981.8883031739445,981.8883031739445
637,kelly,0.4371138305307762,0.4,0.06185638421796027,0.00012371276843592055,0.12147212028049714,0.1822081804207457,0.011270739215761078,981.8883031739445,982.0705113543652
638,kelly,0.49210176735857736,0.4524886877828054,0.07235116186979841,0.00014470232373959681,0.14210788506911073,-0.14210788506911073,0.01244082142068803,982.0705113543652,981.9284034692961
639,kelly,0.6419585426195564,0.5555555555555556,0.1944067208940019,0.0003888134417880038,0.3817869621422967,0.3054295697138373,0.05937756111213305,981.9284034692961,982.2338330390099
640,none,0.23527235857183604,0.4504504504504504,0.0,0.0,0.0,0.0,0.0,982.2338330390099,982.2338330390099
641,none,0.5733396293586968,0.6551724137931034,0.0,0.0,0.0,0.0,0.0,982.2338330390099,982.2338330390099
642,kelly,0.9309573248269252,0.6923076923076923,0.7756113056875068,0.0015512226113750137,1.5236633314676622,-1.5236633314676622,0.5252313359768044,982.2338330390099,980.7101697075423
643,none,0.49970645144978476,0.6,0.0,0.0,0.0,0.0,0.0,980.7101697075423,980.7101697075423
644,kelly,0.5001370097485751,0.4,0.16689501624762515,0.0003337900324952503,0.32735127941510295,-0.32735127941510295,0.08194994564499675,980.7101697075423,980.3828184281272
645,kelly,0.7124330051189335,0.5238095238095238,0.3961093107497603,0.0007922186214995206,0.7766775249569458,0.706070477233587,0.2796810900777504,980.3828184281272,981.0888889053607
646,none,0.47652881264257135,0.5238095238095238,0.0,0.0,0.0,0.0,0.0,981.0888889053607,981.0888889053607
647,kelly,0.6877312494659583,0.4329004329004329,0.4493581574552395,0.000898716314910479,0.8817205908366421,-0.8817205908366421,0.5190329255161952,981.0888889053607,980.2071683145241
648,none,0.43727877198709797,0.5614035087719298,0.0,0.0,0.0,0.0,0.0,980.2071683145241,980.2071683145241
649,none,0.27419278174047057,0.4545454545454545,0.0,0.0,0.0,0.0,0.0,980.2071683145241,980.2071683145241
650,none,0.6103578556744169,0.6551724137931034,0.0,0.0,0.0,0.0,0.0,980.2071683145241,980.2071683145241
651,kelly,0.6220544572274178,0.5238095238095238,0.20631436017757737,0.00041262872035515477,0.4044616295445719,-0.4044616295445719,0.07586022028715331,980.2071683145241,979.8027066849795
652,kelly,0.5106322132550488,0.5,0.021264426510097634,4.252885302019527e-05,0.04166988530139499,0.04166988530139499,0.0008860862136757103,979.8027066849795,979.8443765702809
653,kelly,0.8481506192813733,0.5652173913043478,0.6507464243471586,0.001301492848694317,1.275260448939562,0.9809695761073556,0.6383624440452095,979.8443765702809,980.8253461463883
654,none,0.4057158588463875,0.4081632653061224,0.0,0.0,0.0,0.0,0.0,980.8253461463883,980.8253461463883
655,kelly,0.6854333095918846,0.5983935742971888,0.21672894088379277,0.00043345788176758554,0.4251464769245723,0.2853332059896458,0.06183996353311297,980.8253461463883,981.1106793523779
656,none,0.4238928766438583,0.425531914893617,0.0,0.0,0.0,0.0,0.0,981.1106793523779,981.1106793523779
657,kelly,0.6180836784529025,0.5555555555555556,0.1406882765190305,0.000281376553038061,0.2760615411050024,-0.2760615411050024,0.031070897945000203,981.1106793523779,980.8346178112729
658,none,0.42044801197938697,0.4484304932735426,0.0,0.0,0.0,0.0,0.0,980.8346178112729,980.8346178112729
659,none,0.4502390970492574,0.6183206106870229,0.0,0.0,0.0,0.0,0.0,980.8346178112729,980.8346178112729
660,none,0.15387615893122297,0.4,0.0,0.0,0.0,0.0,0.0,980.8346178112729,980.8346178112729
661,kelly,0.4175537901320968,0.411522633744856,0.010248748266430225,2.0497496532860452e-05,0.020104654177896072,-0.020104654177896072,0.00029464798170363536,980.8346178112729,980.814513157095
662,kelly,0.8212506725441167,0.5454545454545454,0.6067514795970567,0.0012135029591941134,1.1902213141366684,0.9918510951138906,0.6018071195003141,980.814513157095,981.8063642522089
663,kelly,0.4974644194232597,0.4878048780487805,0.018859104588268952,3.771820917653791e-05,0.03703197781772099,0.03888357670860705,0.0007333094399136,981.8063642522089,981.8452478289175
664,none,0.40838132469305494,0.5192307692307693,0.0,0.0,0.0,0.0,0.0,981.8452478289175,981.8452478289175
665,none,0.42068813399649857,0.6,0.0,0.0,0.0,0.0,0.0,981.8452478289175,981.8452478289175
666,kelly,0.8599365011396506,0.7142857142857143,0.509777753988777,0.001019555507977554,1.0010457304055593,0.40041829216222363,0.20412433763448026,981.8452478289175,982.2456661210798
667,kelly,0.6750175324952372,0.6428571428571429,0.09004909098666408,0.00018009818197332818,0.17690065871958718,-0.17690065871958718,0.008849857507022718,982.2456661210798,982.0687654623603
668,none,0.41638377185228337,0.5454545454545454,0.0,0.0,0.0,0.0,0.0,982.0687654623603,982.0687654623603
669,none,0.3800085257666722,0.4484304932735426,0.0,0.0,0.0,0.0,0.0,982.0687654623603,982.0687654623603
670,kelly,0.7650201987756727,0.5918367346938775,0.4242994870003982,0.0008485989740007965,0.8333825467695878,0.5747465839790261,0.24386468073753204,982.0687654623603,982.6435120463393
671,kelly,0.87512478964437,0.6363636363636364,0.6565931715220176,0.0013131863430440353,1.2903940401000797,-1.2903940401000797,0.48415080874424044,982.6435120463393,981.3531180062392
672,none,0.5514356081296228,0.5652173913043478,0.0,0.0,0.0,0.0,0.0,981.3531180062392,981.3531180062392
673,kelly,0.5367131865497925,0.5,0.073426373099585,0.00014685274619917,0.14411440037033438,0.14411440037033438,0.010581797730615156,981.3531180062392,981.4972324066096
674,none,0.4257352049648719,0.5121951219512195,0.0,0.0,0.0,0.0,0.0,981.4972324066096,981.4972324066096
675,kelly,0.8903202599832831,0.8,0.4516012999164155,0.0009032025998328311,0.8864908520383782,0.22162271300959455,0.10008510528613561,981.4972324066096,981.7188551196192
676,kelly,0.8479845585368743,0.7058823529411765,0.4831474990253724,0.0009662949980507448,0.9486300191941919,0.3952625079975798,0.19097009219752695,981.7188551196192,982.1141176276168
677,kelly,0.4973600546555612,0.4166666666666667,0.13833152226667636,0.0002766630445333527,0.2717146818620437,-0.2717146818620437,0.05262138778985506,982.1141176276168,981.8424029457548
678,kelly,0.5984916280571554,0.4878048780487805,0.2161027023973034,0.0004322054047946068,0.4243575932096794,-0.4243575932096794,0.09629006380919872,981.8424029457548,981.418045352545
679,kelly,0.6904167163697486,0.4166666666666667,0.4692857994909975,0.0009385715989819951,0.9211311040963224,-0.9211311040963224,0.605183245270615,981.418045352545,980.4969142484488
680,kelly,0.7097228593781916,0.5348837209302325,0.3759041476631119,0.0007518082953262238,0.7371457136737489,0.6409962727597818,0.24095315756699734,980.4969142484488,981.1379105212086
681,none,0.6412538850481873,0.6527777777777778,0.0,0.0,0.0,0.0,0.0,981.1379105212086,981.1379105212086
682,none,0.23357142735959016,0.423728813559322,0.0,0.0,0.0,0.0,0.0,981.1379105212086,981.1379105212086
683,kelly,0.6288090698363654,0.5238095238095238,0.22049904665636733,0.00044099809331273466,0.43267994781669344,0.3933454071060849,0.08673228727355242,981.1379105212086,981.5312559283146
684,kelly,0.7307853342335264,0.5555555555555556,0.3942670020254344,0.0007885340040508688,0.773970771338232,0.6191766170705855,0.24412090853667018,981.5312559283146,982.1504325453852
685,kelly,0.7972354599107604,0.6226415094339622,0.4626739687635151,0.0009253479375270302,0.9088308770971528,0.5508065921800928,0.2548438720250704,982.1504325453852,982.7012391375653
686,none,0.36137530358756853,0.574468085106383,0.0,0.0,0.0,0.0,0.0,982.7012391375653,982.7012391375653
687,none,0.5046213843988974,0.6466431095406361,0.0,0.0,0.0,0.0,0.0,982.7012391375653,982.7012391375653
688,kelly,0.6107288675306799,0.4651162790697674,0.2722322306008364,0.0005444644612016728,0.5350459006892507,-0.5350459006892507,0.16750524987123863,982.7012391375653,982.166193236876
689,kelly,0.7994203549906913,0.5098039215686274,0.5908175241810103,0.0011816350483620207,1.1605619972449976,-1.1605619972449976,0.6593080441065944,982.166193236876,981.0056312396309
690,none,0.48032360371624794,0.5121951219512195,0.0,0.0,0.0,0.0,0.0,981.0056312396309,981.0056312396309
691,kelly,0.7633115397010523,0.6491228070175439,0.3254378881479989,0.0006508757762959978,0.6385128017838402,-0.6385128017838402,0.11232230149621342,981.0056312396309,980.3671184378471
692,none,0.3846121530866693,0.5348837209302325,0.0,0.0,0.0,0.0,0.0,980.3671184378471,980.3671184378471
693,kelly,0.7102472738869274,0.574468085106383,0.3190810936342794,0.0006381621872685588,0.6256332246284707,0.4634320182433115,0.1478723952062171,980.3671184378471,980.8305504560905
694,kelly,0.6246395165796342,0.6226415094339622,0.005294718936030795,1.058943787206159e-05,0.01038644417707474,0.006294814652772571,3.3329274340839887e-05,980.8305504560905,980.8368452707432
695,kelly,0.5517712093634658,0.4761904761904761,0.14429049060298027,0.00028858098120596054,0.28305085921118994,0.3113559451323091,0.044925702075295504,980.8368452707432,981.1482012158755
696,kelly,0.7608167787081688,0.5348837209302325,0.4857560742225629,0.0009715121484451258,0.9531973969063058,-0.9531973969063058,0.40262732650467237,981.1482012158755,980.1950038189692
697,none,0.6926178046813267,0.7142857142857143,0.0,0.0,0.0,0.0,0.0,980.1950038189692,980.1950038189692
698,none,0.4079853343988319,0.6428571428571429,0.0,0.0,0.0,0.0,0.0,980.1950038189692,980.1950038189692
699,none,0.5606509246508067,0.5833333333333334,0.0,0.0,0.0,0.0,0.0,980.1950038189692,980.1950038189692
700,kelly,0.6640725979506444,0.6551724137931034,0.025810534056868936,5.1621068113737875e-05,0.05059871305688456,0.026630901608886617,0.0006873577929412955,980.1950038189692,980.2216347205781
701,none,0.45690687782425726,0.495049504950495,0.0,0.0,0.0,0.0,0.0,980.2216347205781,980.2216347205781
702,none,0.28051305056726683,0.425531914893617,0.0,0.0,0.0,0.0,0.0,980.2216347205781,980.2216347205781
703,none,0.3765705331238109,0.5,0.0,0.0,0.0,0.0,0.0,980.2216347205781,980.2216347205781
704,none,0.47427472219194444,0.4878048780487805,0.0,0.0,0.0,0.0,0.0,980.2216347205781,980.2216347205781
705,kelly,0.47607914469795576,0.4651162790697674,0.02049579226139566,4.099158452279132e-05,0.040180837990717255,-0.040180837990717255,0.0009470688245985202,980.2216347205781,980.1814538825873
706,kelly,0.4812226584582212,0.4761904761904761,0.009606893420240643,1.9213786840481287e-05,0.018832997519893074,-0.018832997519893074,0.00019901925995299656,980.1814538825873,980.1626208850674
707,kelly,0.7567503977505932,0.4545454545454545,0.5540423958760875,0.001108084791752175,1.0861032936466959,1.3033239523760352,0.7220967251771103,980.1626208850674,981.4659448374434
708,kelly,0.8470111359468158,0.7297297297297297,0.43394120300321837,0.0008678824060064367,0.8517970256189011,0.31548037985885236,0.1368999355598627,981.4659448374434,981.7814252173023
709,none,0.6183256527369515,0.6923076923076923,0.0,0.0,0.0,0.0,0.0,981.7814252173023,981.7814252173023
710,kelly,0.4681776952416271,0.3846153846153846,0.1357887547676441,0.0002715775095352882,0.26662975436852077,-0.26662975436852077,0.0579285157275268,981.7814252173023,981.5147954629338
711,none,0.3919413627263656,0.5238095238095238,0.0,0.0,0.0,0.0,0.0,981.5147954629338,981.5147954629338
712,none,0.503984135859358,0.5348837209302325,0.0,0.0,0.0,0.0,0.0,981.5147954629338,981.5147954629338
713,none,0.4711927310541051,0.4878048780487805,0.0,0.0,0.0,0.0,0.0,981.5147954629338,981.5147954629338
714,none,0.41675788777818845,0.4651162790697674,0.0,0.0,0.0,0.0,0.0,981.5147954629338,981.5147954629338
715,none,0.2908967139021657,0.5555555555555556,0.0,0.0,0.0,0.0,0.0,981.5147954629338,981.5147954629338
716,kelly,0.5930861880040286,0.504950495049505,0.1780340997681377,0.0003560681995362754,0.3494862060387024,-0.3494862060387024,0.06100045301321791,981.5147954629338,981.1653092568951
717,kelly,0.5647897261752923,0.4651162790697674,0.1863460098059814,0.0003726920196119628,0.3656724806801483,-0.3656724806801483,0.07836284882119054,981.1653092568951,980.7996367762149
718,kelly,0.6475604073016451,0.6226415094339622,0.0660350793493596,0.00013207015869871918,0.12953436368068083,-0.12953436368068083,0.005184128475225806,980.7996367762149,980.6701024125342
719,kelly,0.49227836395681784,0.4761904761904761,0.03071324028119785,6.14264805623957e-05,0.06023911298396613,0.06626302428236278,0.002035152186543057,980.6701024125342,980.7363654368165
720,kelly,0.7465317478294277,0.6551724137931034,0.26494206870534026,0.0005298841374106805,0.5196766430267734,0.27351402264567026,0.07246537097966316,980.7363654368165,981.0098794594622
721,none,0.38745816975362224,0.6784565916398714,0.0,0.0,0.0,0.0,0.0,981.0098794594622,981.0098794594622
722,none,0.3281793946852442,0.5,0.0,0.0,0.0,0.0,0.0,981.0098794594622,981.0098794594622
723,kelly,0.5813614337808874,0.574468085106383,0.016199369385085385,3.2398738770170775e-05,0.03178348281556384,0.023543320604121357,0.000381386947017651,981.0098794594622,981.0334227800664
724,none,0.6389667463218145,0.6575342465753424,0.0,0.0,0.0,0.0,0.0,981.0334227800664,981.0334227800664
725,none,0.639446490470927,0.6875,0.0,0.0,0.0,0.0,0.0,981.0334227800664,981.0334227800664
726,kelly,0.6976780660676029,0.4878048780487805,0.4097524147034151,0.0008195048294068302,0.803961627777777,0.844159709166666,0.34589647922637407,981.0334227800664,981.8775824892331
727,kelly,0.7608351144336557,0.6363636363636364,0.3422965646925532,0.0006845931293851064,0.672186646869387,-0.672186646869387,0.13147838860319858,981.8775824892331,981.2053958423637
728,kelly,0.6178610029531526,0.5555555555555556,0.1401872566445933,0.0002803745132891866,0.2751049852960264,-0.2751049852960264,0.03085297054232089,981.2053958423637,980.9302908570677
729,kelly,0.5543909357477428,0.5348837209302325,0.04194051185764709,8.388102371529419e-05,0.08228143699043212,0.07154907564385403,0.0030008048554447456,980.9302908570677,981.0018399327115
730,kelly,0.7375472009000514,0.5305164319248826,0.4409755379171096,0.0008819510758342192,0.8651956281240034,-0.8651956281240034,0.3376372632880653,981.0018399327115,980.1366443045875
731,none,0.44431920536634606,0.5169082125603864,0.0,0.0,0.0,0.0,0.0,980.1366443045875,980.1366443045875
732,none,0.2884558789015257,0.2941176470588235,0.0,0.0,0.0,0.0,0.0,980.1366443045875,980.1366443045875
733,kelly,0.850506857808974,0.6666666666666666,0.5515205734269218,0.0011030411468538437,1.08113104820721,0.540565524103605,0.29813300782844476,980.1366443045875,980.6772098286912
734,kelly,0.7554540608341808,0.4651162790697674,0.5428054180812946,0.0010856108361625891,1.0646338057677203,1.2243288766328786,0.6645723477497114,980.6772098286912,981.901538705324
735,kelly,0.6216131926775523,0.4504504504504504,0.31146007192144776,0.0006229201438428955,0.6116462477298809,-0.6116462477298809,0.23241412885628748,981.901538705324,981.2898924575941
736,none,0.477739410239119,0.5238095238095238,0.0,0.0,0.0,0.0,0.0,981.2898924575941,981.2898924575941
737,kelly,0.5972272918771468,0.4184100418410041,0.307462753659267,0.0006149255073185341,0.6034201849460358,0.8387540570749901,0.25788563203115844,981.2898924575941,982.1286465146691
738,kelly,0.7389193151284191,0.6721311475409836,0.20370391114167843,0.0004074078222833569,0.40012689307864213,0.19518385028226445,0.039759713694189056,982.1286465146691,982.3238303649514
739,none,0.48234257983629586,0.6363636363636364,0.0,0.0,0.0,0.0,0.0,982.3238303649514,982.3238303649514
740,kelly,0.5504867332101481,0.5454545454545454,0.011070813062325845,2.214162612465169e-05,0.02175024698527652,0.01812520582106377,0.0002006607653611773,982.3238303649514,982.3419555707725
741,kelly,0.5844399088810945,0.5238095238095238,0.1273238086502985,0.00025464761730059697,0.2501510383605061,-0.2501510383605061,0.028954711765351415,982.3419555707725,982.091804532412
742,kelly,0.6635364661645563,0.5192307692307693,0.30015584962227704,0.000600311699244554,0.5895611999930026,0.5458899999935208,0.16385207674836014,982.091804532412,982.6376945324055
743,none,0.3466748974664331,0.4444444444444444,0.0,0.0,0.0,0.0,0.0,982.6376945324055,982.6376945324055
744,kelly,0.7571207054697171,0.574468085106383,0.4292336578538351,0.0008584673157076702,0.8435623439384077,0.6248609955099313,0.2682113707529167,982.6376945324055,983.2625555279154
745,kelly,0.8462857049917335,0.6774193548387096,0.5234856854743739,0.001046971370948748,1.029447745763631,0.4902132122683958,0.25661959945291596,983.2625555279154,983.7527687401838
746,kelly,0.7699907154563731,0.5260663507109005,0.5146804096129473,0.0010293608192258946,1.0126365559461377,0.9122851855370611,0.4695353129760381,983.7527687401838,984.6650539257208
747,none,0.5475900238662521,0.5555555555555556,0.0,0.0,0.0,0.0,0.0,984.6650539257208,984.6650539257208
748,none,0.3950680407281159,0.5454545454545454,0.0,0.0,0.0,0.0,0.0,984.6650539257208,984.6650539257208
749,kelly,0.5135106025257627,0.5,0.0270212050515255,5.4042410103051e-05,0.05321367265839663,0.05321367265839663,0.0014378975604472932,984.6650539257208,984.7182675983793
750,none,0.3528204922716054,0.4081632653061224,0.0,0.0,0.0,0.0,0.0,984.7182675983793,984.7182675983793
751,kelly,0.6027558116184553,0.5594713656387665,0.09825569237389341,0.00019651138474778681,0.1935083503521992,0.15236877980488125,0.014971099955893907,984.7182675983793,984.8706363781841
752,none,0.42779501570725653,0.574468085106383,0.0,0.0,0.0,0.0,0.0,984.8706363781841,984.8706363781841
753,kelly,0.683898995300225,0.5348837209302325,0.3203828398954839,0.0006407656797909678,0.6310713028250302,0.5487576546304611,0.17581253580489226,984.8706363781841,985.4193940328146
754,kelly,0.6668374368847205,0.4878048780487805,0.3495397577273115,0.000699079515454623,0.6888865125000483,0.7233308381250508,0.25283288591492353,985.4193940328146,986.1427248709397
755,none,0.22984254586470465,0.3225806451612903,0.0,0.0,0.0,0.0,0.0,986.1427248709397,986.1427248709397
756,kelly,0.5988001246450767,0.5454545454545454,0.11736027421916882,0.00023472054843833766,0.23146796122018368,-0.23146796122018368,0.02263761950146058,986.1427248709397,985.9112569097194
757,kelly,0.5673650283481397,0.5,0.13473005669627947,0.0002694601133925589,0.26566375908189327,-0.26566375908189327,0.0357928933232502,985.9112569097194,985.6455931506375
758,kelly,0.7721232471842527,0.6575342465753424,0.3345998817780181,0.0006691997635560362,0.6595937978864557,0.34353843639919573,0.11494792020537609,985.6455931506375,985.9891315870367
759,none,0.4204288890643847,0.4651162790697674,0.0,0.0,0.0,0.0,0.0,985.9891315870367,985.9891315870367
760,kelly,0.4914976753831952,0.4651162790697674,0.049321740933799874,9.864348186759975e-05,0.09726140102335627,-0.09726140102335627,0.005516666867752255,985.9891315870367,985.8918701860133
761,kelly,0.6838218066584341,0.588477366255144,0.2316869901799948,0.00046337398035998964,0.4568366400926472,0.3194661818829701,0.07401615814476015,985.8918701860133,986.2113363678963
762,kelly,0.5656227052949936,0.5,0.13124541058998718,0.0002624908211799744,0.25887142354020903,-0.25887142354020903,0.03397568627254921,986.2113363678963,985.952464944356
763,none,0.5723012110959345,0.6551724137931034,0.0,0.0,0.0,0.0,0.0,985.952464944356,985.952464944356
764,kelly,0.7063019661217315,0.6226415094339622,0.22170021022258843,0.0004434004204451769,0.437171737495286,0.26495256817896123,0.05874004006429043,985.952464944356,986.217417512535
765,kelly,0.7045344083377357,0.504950495049505,0.4031595048422262,0.0008063190096844524,0.7952058514222653,0.7796135798257503,0.3143086248108249,986.217417512535,986.9970310923608
766,kelly,0.5687387246127108,0.5238095238095238,0.09435132168669264,0.00018870264337338529,0.18624894876881182,-0.18624894876881182,0.015975304071904076,986.9970310923608,986.810782143592
767,kelly,0.39234184864951427,0.3703703703703703,0.034895877266875715,6.979175453375143e-05,0.06887125587862483,-0.06887125587862483,0.004085648917005351,986.810782143592,986.7419108877133
768,none,0.5047677512583734,0.5169082125603864,0.0,0.0,0.0,0.0,0.0,986.7419108877133,986.7419108877133
769,none,0.6784321238726464,0.7222222222222222,0.0,0.0,0.0,0.0,0.0,986.7419108877133,986.7419108877133
770,none,0.41497100100899575,0.5238095238095238,0.0,0.0,0.0,0.0,0.0,986.7419108877133,986.7419108877133
771,kelly,0.5209505155390086,0.4878048780487805,0.06471291129044542,0.00012942582258089084,0.12770988349168239,-0.12770988349168239,0.008677702279375893,986.7419108877133,986.6142010042216
772,none,0.5437252375601347,0.6491228070175439,0.0,0.0,0.0,0.0,0.0,986.6142010042216,986.6142010042216
773,kelly,0.7551843463683506,0.5652173913043478,0.4369239966472065,0.000873847993294413,0.8621508397033097,0.6631929536179307,0.28976491584301173,986.6142010042216,987.2773939578395
774,none,0.340049042962588,0.3508771929824561,0.0,0.0,0.0,0.0,0.0,987.2773939578395,987.2773939578395
775,none,0.452027708824743,0.6666666666666666,0.0,0.0,0.0,0.0,0.0,987.2773939578395,987.2773939578395
776,kelly,0.5558404180369345,0.54337899543379,0.02729051550088653,5.4581031001773066e-05,0.05388661804696256,0.0452828723083719,0.0012357929286562902,987.2773939578395,987.3226768301479
777,kelly,0.5241582405764061,0.4878048780487805,0.07097561255393582,0.00014195122510787166,0.14015166355282274,0.1471592467304639,0.010444717679670465,987.3226768301479,987.4698360768783
778,none,0.44338348847070985,0.5145631067961165,0.0,0.0,0.0,0.0,0.0,987.4698360768783,987.4698360768783
779,none,0.6331158349355288,0.6666666666666666,0.0,0.0,0.0,0.0,0.0,987.4698360768783,987.4698360768783
780,kelly,0.5692806829524175,0.5238095238095238,0.09548943420007673,0.00019097886840015348,0.18858587187324727,-0.18858587187324727,0.016370871093913233,987.4698360768783,987.2812502050051
781,kelly,0.507561452603922,0.425531914893617,0.14279215823645688,0.00028558431647291376,0.28195204100632015,-0.28195204100632015,0.054351729613529715,987.2812502050051,986.9992981639988
